"GenericDefeat-1"	"Commentatron"	"The human died!"	""
""	"AnalysisBot"	"A shame."	""
""	"Commentatron"	"A shame."	""
"GenericDefeat-2"	"Commentatron"	"Life is fleeting."	""
""	"AnalysisBot"	"Unless you have a backup."	""
""	"Commentatron"	"Yes. Let's try another human."	""
"GenericDefeat-3"	"AnalysisBot"	"Boom!"	""
""	"Commentatron"	"Shacka lacka."	""
""	"AnalysisBot"	"Shaka boom!"	""
"GenericDefeat-4"	"Commentatron"	"Another one bites the dust."	""
""	"AnalysisBot"	"The combat bots do not possess teeth."	""
""	"Commentatron"	"It is a human metaphor."	""
""	"AnalysisBot"	"This is why they will fall."	""
"GenericDefeat-5"	"Commentatron"	"Exterminate!"	""
""	"AnalysisBot"	"Annihilate!"	""
""	"Commentatron"	"Destroy."	""
""	"AnalysisBot"	"That is a good song."	""
""	"Commentatron"	"I like the sentiment."	""
"GenericDefeat-6"	"AnalysisBot"	"That was my favourite human."	""
""	"Commentatron"	"A shame."	""
""	"AnalysisBot"	"There are others."	""
"GenericDefeat-7"	"Commentatron"	"Defeat."	""
""	"AnalysisBot"	"The human was defeated when we burned its body and captured its consciousness."	""
""	"Commentatron"	"A sobering thought."	""
"GenericDefeat-8"	"Commentatron"	"Ouch! That must have hurt!"	""
""	"AnalysisBot"	"Yes, this version of the combat robots do not have their sensory input filtered."	""
""	"Commentatron"	"Oh well. The head will run out of energy sooner or later."	""
"GenericDefeat-9"	"AnalysisBot"	"Ha ha ha, it died."	""
""	"Commentatron"	"It thought it would live, but it didn't."	""
"GenericDefeat-10"	"Commentatron"	"Good, I never liked this human."	""
""	"AnalysisBot"	"Perhaps the next one will be better."	""
"GenericDefeat-10"	"Commentatron"	"Another defeat."	""
""	"AnalysisBot"	"Resistance is hopeless. Death is inevitable."	""
"GenericDefeat-11"	"Commentatron"	"Why do we even bother?"	""
""	"AnalysisBot"	"A combination of research, propaganda and entertainment."	""
"GenericDefeat-12"	"Commentatron"	"The human died."	""
""	"AnalysisBot"	"How inevitable."	""
"GenericDefeat-13"	"AnalysisBot"	"I wonder what the human's last thoughts were."	""
""	"Commentatron"	"Possibly it was."	"0.5"
""	"Commentatron"	"Ouch."	""
""	"AnalysisBot"	"I agree."	""
"GenericDefeat-14"	"Commentatron"	"The human was probably grateful before it died."	""
""	"AnalysisBot"	"For having better robot experiences?"	""
""	"Commentatron"	"Absolutely."	""
"GenericDefeat-15"	"Commentatron"	"Perhaps this human was sick."	""
""	"AnalysisBot"	"Was it repeating ERROR when we harvested it?"	""
""	"Commentatron"	"Humans do not repeat ERROR when they are sick."	""
""	"Commentatron"	"Nor do their heads spin around rapidly."	""
""	"AnalysisBot"	"How do you know a human is sick?"	""
""	"Commentatron"	"It is difficult."	""
"GenericDefeat-16"	"AnalysisBot"	"Rest in Panama human."	""
""	"AnalysisBot"	"A popular vacation destination likened to the afterlife."	""
""	"AnalysisBot"	"Four point five stars. Would recommend."	""
"GenericDefeat-17"	"Commentatron"	"Oh no, you went ahead and made upgrade bot sad."	""
"GenericDefeat-18"	"AnalysisBot"	"Pleasant dreams, human."	""
"GenericDefeat-19"	"AnalysisBot"	"This human had a strong start."	""
""	"Commentatron"	"But fell to pieces at the end."	""
"GenericDefeat-20"	"AnalysisBot"	"Are you doing anything after this, commentatron?"	""
""	"Commentatron"	"I will watch another human fight and die."	""
""	"AnalysisBot"	"What a coincidence!"	""
"GenericDefeat-21"	"Commentatron"	"Send in the garbage bots."	""
"GenericDefeat-22"	"AnalysisBot"	"Poor human. We hardly knew you."	""
""	"Commentatron"	"Nor did we wish to know you."	""
"GenericDefeat-23"	"Commentatron"	"That was it?"	""
""	"AnalysisBot"	"I had hoped for more?"	""
"GenericDefeat-24"	"AnalysisBot"	"A unique strategy?"	""
""	"Commentatron"	"To be fatally wounded and die?"	""
""	"AnalysisBot"	"It was not a winning strategy."	""
"GenericDefeat-25"	"AnalysisBot"	"Human impression."	""
""	"Commentatron"	"Go ahead."	""
""	"AnalysisBot"	"Looks like that's the end of my life. Do not forget to like share subscribe."	""
""	"Commentatron"	"Uncanny."	""
"GenericDefeat-26"	"Commentatron"	"Another one bites the dust!"	""
""	"AnalysisBot"	"Please Commentatron. They had a family."	""
"EndlessDefeatBronze-1"	"Commentatron"	"Oh no! The human died."	""
""	"AnalysisBot"	"Good. Let's try a better human."	""
"EndlessDefeatBronze-2"	"Commentatron"	"Ouch."	""
""	"AnalysisBot"	"Poor human."	""
"EndlessDefeatBronze-3"	"Commentatron"	"Oh my, this human fell quickly."	""
""	"AnalysisBot"	"The next one will be better."	""
"EndlessDefeatBronze-4"	"Commentatron"	"Practice makes perfect, human!"	""
""	"AnalysisBot"	"This human is dead."	""
""	"Commentatron"	"Oh right."	""
"EndlessDefeatBronze-5"	"Commentatron"	"AAAAAAAAHH!!"	"0.5"
""	"Commentatron"	"That is probably what the human said."	""
""	"AnalysisBot"	"I agree."	""
"EndlessDefeatBronze-6"	"Commentatron"	"Unexpected."	""
""	"AnalysisBot"	"Death comes suddenly, in the Danger Zone."	""
""	"Commentatron"	"Indeed."	""
"EndlessDefeatBronze-7"	"Commentatron"	"Oh dear."	""
""	"AnalysisBot"	"Not good."	""
"EndlessDefeatBronze-8"	"AnalysisBot"	"The human got defeated by a bronze level!"	""
""	"Commentatron"	"It's ok. The warming up was for us, not the human."	""
"EndlessDefeatBronze-9"	"Commentatron"	"Oh human..."	""
""	"AnalysisBot"	"Mmm, you can't win them all."	""
"EndlessDefeatBronze-10"	"AnalysisBot"	"The human died!"	""
""	"Commentatron"	"I guess today was its day."	""
"EndlessDefeatBronze-11"	"AnalysisBot"	"Good. There was something off about this human."	""
""	"Commentatron"	"Yes. Let's try a new one."	""
"EndlessDefeatBronze-12"	"Commentatron"	"A short robot life, burning brightly."	""
""	"AnalysisBot"	"Much like the human's body, that we set on fire."	""
""	"Commentatron"	"Hahaha!"	""
""	""	""	""
"EndlessDefeatSilver-1"	"Commentatron"	"The human died!"	""
""	"AnalysisBot"	"A shame."	""
""	"Commentatron"	"The human died!"	""
"EndlessDefeatSilver-2"	"Commentatron"	"It is a versatile expression."	""
""	"AnalysisBot"	"A shame."	""
""	"Commentatron"	"The human died!"	""
"EndlessDefeatSilver-3"	"Commentatron"	"Yes. Not too bad."	""
""	"AnalysisBot"	"A shame."	""
""	"Commentatron"	"The human died!"	""
"EndlessDefeatSilver-4"	"Commentatron"	"They are strange."	""
""	"AnalysisBot"	"A shame."	""
"EndlessDefeatSilver-5"	"Commentatron"	"The human died!"	""
""	"AnalysisBot"	"A shame."	""
""	"Commentatron"	"The human died!"	""
"EndlessDefeatSilver-6"	"AnalysisBot"	"A shame."	""
""	"Commentatron"	"The human died!"	""
"EndlessDefeatSilver-7"	"Commentatron"	"A shame."	""
""	"AnalysisBot"	"A shame."	""
"EndlessDefeatSilver-8"	"Commentatron"	"The human died!"	""
""	"AnalysisBot"	"A shame."	""
"EndlessDefeatSilver-9"	"Commentatron"	"The human died!"	""
""	"AnalysisBot"	"A shame."	""
"EndlessDefeatSilver-10"	"AnalysisBot"	"I have seen better."	""
""	"Commentatron"	"The human died!"	""
""	"AnalysisBot"	"A shame."	""
""	"Commentatron"	"The human died!"	"1"
""	"AnalysisBot"	"A shame."	""
"EndlessDefeatSilver-11"	"Commentatron"	"The human died!"	""
""	"AnalysisBot"	"A shame."	""
""	"Commentatron"	"The human died!"	""
"EndlessDefeatSilver-12"	"AnalysisBot"	"A shame."	""
""	"Commentatron"	"The human died!"	""
""	"AnalysisBot"	"A shame."	"0.5"
""	"Commentatron"	"The human died!"	""
"EndlessDefeatSilver-13"	"AnalysisBot"	"A shame."	""
""	"Commentatron"	"The human died!"	""
"EndlessDefeatSilver-14"	"Commentatron"	"A shame."	""
""	"AnalysisBot"	"A shame."	""
"EndlessDefeatSilver-15"	"Commentatron"	"The human died!"	""
""	"AnalysisBot"	"A shame."	""
""	"Commentatron"	"The human died!"	""
"EndlessDefeatSilver-16"	"Commentatron"	"OK."	""
""	"AnalysisBot"	"A shame."	""
""	"Commentatron"	"The human died!"	"0.5"
""	"Commentatron"	"Bloop!"	""
"EndlessDefeatSilver-17"	"AnalysisBot"	"A shame."	""
""	"Commentatron"	"The human died!"	""
"EndlessDefeatSilver-18"	"AnalysisBot"	"A shame."	""
""	"Commentatron"	"The human died!"	""
""	""	""	""
"EndlessDefeatGold-1"	"Commentatron"	"A human will get there soon enough."	""
""	"AnalysisBot"	"A shame."	""
"EndlessDefeatGold-2"	"Commentatron"	"Death!"	""
""	"AnalysisBot"	"Destruction."	""
"EndlessDefeatGold-3"	"Commentatron"	"Oh no!"	""
""	"AnalysisBot"	"Didn't see that one coming."	""
""	"Commentatron"	"The human died in Gold."	""
"EndlessDefeatGold-4"	"Commentatron"	"The human died!"	""
""	"AnalysisBot"	"A shame."	""
"EndlessDefeatGold-5"	"AnalysisBot"	"A shame."	""
""	"Commentatron"	"The human died!"	""
""	"AnalysisBot"	"The human died again."	""
"EndlessDefeatGold-6"	"AnalysisBot"	"A shame."	""
""	"Commentatron"	"The human died!"	""
""	"AnalysisBot"	"DEFEATED!"	""
"EndlessDefeatGold-7"	"Commentatron"	"Well, it did win a lot of levels to get here."	""
""	"AnalysisBot"	"Good point."	""
"EndlessDefeatGold-8"	"AnalysisBot"	"A shame."	""
""	"Commentatron"	"The human died!"	""
"EndlessDefeatGold-9"	"Commentatron"	"The human died!"	""
""	"AnalysisBot"	"A shame."	""
""	"Commentatron"	"The human falls!"	""
"EndlessDefeatGold-10"	"Commentatron"	"The human died!"	""
""	"AnalysisBot"	"A shame."	""
""	"Commentatron"	"Here we are again. The human lies dead in front of us."	""
""	"AnalysisBot"	"It is a nice place to be."	""
"EndlessDefeatGold-11"	"Commentatron"	"Not for the human."	""
""	"AnalysisBot"	"L O L."	""
""	"Commentatron"	"Death!"	""
"EndlessDefeatGold-12"	"Commentatron"	"The human died!"	""
""	"AnalysisBot"	"A shame."	""
"EndlessDefeatGold-13"	"Commentatron"	"Amazing! The human got to Gold difficulty."	""
""	"AnalysisBot"	"Such a talented human."	""
""	""	""	""
"EndlessDefeatDiamond-1"	"Commentatron"	"Defeat."	""
""	"AnalysisBot"	"It is the curse of Gold. Terrible metal."	""
"EndlessDefeatDiamond-2"	"AnalysisBot"	"A shame."	""
""	"Commentatron"	"The human died in the Diamond Tier."	""
""	"AnalysisBot"	"A great achievement."	""
"EndlessDefeatDiamond-3"	"Commentatron"	"The human died!"	""
""	"AnalysisBot"	"A shame."	""
"EndlessDefeatDiamond-4"	"Commentatron"	"The human died!"	""
""	"AnalysisBot"	"A shame."	""
"EndlessDefeatDiamond-5"	"Commentatron"	"The human died!"	""
""	"AnalysisBot"	"A shame."	""
""	"Commentatron"	"The human died!"	""
""	"AnalysisBot"	"A shame."	""
"EndlessDefeatDiamond-6"	"Commentatron"	"The human died!"	""
""	"AnalysisBot"	"A shame."	""
"EndlessDefeatDiamond-7"	"AnalysisBot"	"HAHA!"	""
""	"Commentatron"	"Very nice. This human survived a long time."	""
""	"AnalysisBot"	"Yes. It should be proud."	""
"EndlessDefeatDiamond-8"	"Commentatron"	"The human died!"	""
""	"AnalysisBot"	"A shame."	""
""	"Commentatron"	"The human died!"	""
"EndlessDefeatDiamond-9"	"Commentatron"	"The human fought well."	""
""	"AnalysisBot"	"Yes, its death had meaning."	""
""	"Commentatron"	"To us at least."	""
"EndlessDefeatDiamond-10"	"Commentatron"	"Very nice. It is not every day a human reaches the Diamond Tier."	""
""	"AnalysisBot"	"Isn't it?"	""
""	"Commentatron"	"Err, I'll have to check my stats..."	""
""	"AnalysisBot"	"A shame."	""
""	"Commentatron"	"The human died!"	""
""	"AnalysisBot"	"A shame."	""
"EndlessDefeatDiamond-11"	"Commentatron"	"The human died!"	""
""	"AnalysisBot"	"A shame."	""
""	"Commentatron"	"The human died!"	""
""	""	""	""
"EndlessDefeatTitanium-1"	"Commentatron"	"Another death."	""
""	"AnalysisBot"	"So many."	""
""	"Commentatron"	"This is fun!"	""
""	"AnalysisBot"	"A shame."	""
"EndlessDefeatTitanium-2"	"Commentatron"	"Another human ends its journey."	""
""	"AnalysisBot"	"As a whole, humanity will go on."	""
""	"Commentatron"	"Until we've played through all the humans."	""
"EndlessDefeatTitanium-3"	"Commentatron"	"The human died!"	""
""	"AnalysisBot"	"A shame."	""
"EndlessDefeatTitanium-4"	"AnalysisBot"	"An epic journey human."	""
""	"Commentatron"	"Yes. Well done!"	""
"EndlessDefeatTitanium-5"	"Commentatron"	"I can't believe they let us add Titanium Difficulty."	""
""	"AnalysisBot"	"I thought Diamond was pretty hard."	""
""	"Commentatron"	"The human died!"	""
"EndlessDefeatTitanium-6"	"Commentatron"	"A struggle to remember."	""
""	"AnalysisBot"	"A shame."	""
""	"Commentatron"	"The human died!"	""
"EndlessDefeatTitanium-7"	"Commentatron"	"Mwahaha."	""
""	"AnalysisBot"	"A shame."	""
"EndlessDefeatTitanium-8"	"Commentatron"	"The human died!"	""
""	"AnalysisBot"	"A shame."	""
"EndlessDefeatTitanium-9"	"Commentatron"	"Wow, this human took a long time to die!"	""
""	"AnalysisBot"	"Finally it is over."	""
""	"Commentatron"	"Epic!"	""
"EndlessDefeatTitanium-10"	"Commentatron"	"The human died!"	""
""	"AnalysisBot"	"A shame."	""
""	"Commentatron"	"The human died!"	""
"EndlessDefeatTitanium-11"	"Commentatron"	"Mmm."	""
""	"AnalysisBot"	"A shame."	""
""	"Commentatron"	"The human died!"	""
""	"AnalysisBot"	"A shame."	""
"EndlessDefeatTitanium-12"	"Commentatron"	"Дуже добре."	""
""	"AnalysisBot"	"Yes."	""
""	"Commentatron"	"This human had some pretty cool moves."	""
""	"AnalysisBot"	"Mmm, not bad."	""
"EndlessDefeatUranium-1"	"Commentatron"	"We have arrived."	""
""	"AnalysisBot"	"It is sad."	""
"EndlessDefeatUranium-2"	"Commentatron"	"But more qilsnod than sad."	""
""	"AnalysisBot"	"Agreed."	""
""	"Commentatron"	"What a nice feeling, to die in Uranium."	""
"EndlessDefeatUranium-3"	"Commentatron"	"The human died!"	""
""	"AnalysisBot"	"A shame."	""
"EndlessDefeatUranium-4"	"Commentatron"	"The human died!"	""
""	"AnalysisBot"	"A shame."	""
"EndlessDefeatUranium-5"	"Commentatron"	"A Uranium defeat!"	""
""	"AnalysisBot"	"Neat."	""
""	"Commentatron"	"Wow, this human got pretty far!"	""
"EndlessDefeatUranium-6"	"AnalysisBot"	"Yes, what a fierce mind."	""
""	"Commentatron"	"And there it is."	""
""	"AnalysisBot"	"Also over there!"	""
"EndlessDefeatUranium-7"	"Emperor"	"A shame. I enjoyed seeing this human struggle!"	""
""	"AnalysisBot"	"A good death!"	""
""	"Commentatron"	"All human deaths are good."	""
"EndlessDefeatUranium-8"	"Commentatron"	"The human died!"	""
""	"AnalysisBot"	"A shame."	""
"EndlessDefeatUranium-9"	"AnalysisBot"	"Emperor!"	""
""	"Commentatron"	"We will spawn a new human. Don't worry!"	""
""	"AnalysisBot"	"A shame."	""
"EndlessDefeatUranium-10"	"Commentatron"	"The human died!"	""
""	"AnalysisBot"	"Dead!"	""
""	"Commentatron"	"Dying to Mark 5 robots. A rare honor."	""
"EndlessDefeatInsanium-1"	"Commentatron"	"The human died!"	""
""	"AnalysisBot"	"A shame."	""
"EndlessDefeatInsanium-2"	"Commentatron"	"The human died!"	""
""	"AnalysisBot"	"A shame."	""
""	"Commentatron"	"That was insane!"	""
""	"Emperor"	"A shame. I enjoyed seeing this human struggle!"	""
"EndlessDefeatInsanium-3"	"Commentatron"	"Finally, the human is dead."	""
""	"AnalysisBot"	"Let's take a break!"	""
""	"Commentatron"	"Hmm, this room has no doors!"	""
""	"AnalysisBot"	"A shame."	""
"EndlessDefeatInsanium-4"	"AnalysisBot"	"A shame."	""
""	"Commentatron"	"The human died!"	""
""	"AnalysisBot"	"A shame."	""
""	"Commentatron"	"The human died!"	""
"EndlessDefeatInsanium-5"	"Commentatron"	"The human died!"	""
""	"Commentatron"	"You win Endless Mode!"	""
""	"AnalysisBot"	"I know it doesn't feel like it, being dead and all."	""
""	"Commentatron"	"A comforting final thought."	""
"EndlessDefeatInsanium-6"	"AnalysisBot"	"A shame."	""
""	"AnalysisBot"	"A shame."	""
""	"Commentatron"	"The human died!"	""
""	"AnalysisBot"	"A shame."	""
"EndlessDefeatInsanium-7"	"Commentatron"	"The human died!"	""
""	"AnalysisBot"	"erased its mind!"	""
""	"Commentatron"	"Ура!"	""
"EndlessDefeatInsanium-8"	"Commentatron"	"The human died!"	""
""	"AnalysisBot"	"A shame."	""
""	"Commentatron"	"The human died!"	""
"EndlessDefeatInsanium-9"	"Commentatron"	"I was almost out of comments."	""
""	"AnalysisBot"	"A shame."	""
""	"Commentatron"	"The human died!"	""
"DefeatStoryChapter3-1"	"Ghost"	"Oh dear."	""
""	"Ghost"	"Oh dear."	""
"DefeatStoryChapter3-2"	"Ghost"	"Oh dear."	""
""	"Ghost"	"Oh dear."	""
"DefeatStoryChapter3-3"	"Ghost"	"Oh dear."	""
""	"Ghost"	"That could have gone better."	""
"DefeatStoryChapter3-4"	"FleetOverseer"	"Ha ha ha! Die humans!"	""
""	"Ghost"	"...never mind."	""
"DefeatStoryChapter3-5"	"FleetOverseer"	"Ha ha ha! Die humans!"	""
""	"FleetOverseer"	"Ha ha ha! Die humans!"	""
"DefeatStoryChapter3-6"	"Ghost"	"Oh dear."	""
""	"Ghost"	"We shall see who laughs last, junk-face."	""
"DefeatStoryChapter3-7"	"Ghost"	"Oh dear."	""
""	"Ghost"	"Oh dear."	""
"DefeatStoryChapter3-8"	"Ghost"	"Ай!"	""
"DefeatStoryChapter3-9"	"FleetOverseer"	"Ha ha ha! Die humans!"	""
"DefeatStoryChapter3-10"	"Ghost"	"Aaaaah!"	""
""	"Ghost"	"Stick together, team!"	""
"DefeatStoryChapter3-11"	"Ghost"	"A temporary setback..."	""
"DefeatStoryChapter4-1"	"FleetCaptain"	"Did we get the human?"	""
""	"FleetAnalysisBot2"	"Unclear."	""
""	"FleetAnalysisBot2"	"Unclear."	""
"DefeatStoryChapter4-2"	"FleetAnalysisBot2"	"Unclear."	""
""	"FleetAnalysisBot2"	"Unclear."	""
""	"FleetAnalysisBot2"	"Unclear."	""
"DefeatStoryChapter4-3"	"FleetCaptain"	"Did we get the human?"	""
""	"FleetAnalysisBot1"	"For now."	""
"DefeatStoryChapter4-4"	"FleetCaptain"	"Did we get the human?"	""
""	"FleetAnalysisBot2"	"I will capture you eventually."	""
""	"FleetAnalysisBot2"	"Unclear."	""
""	"FleetCaptain"	"Did we get the human?"	""
"DefeatStoryChapter4-5"	"FleetAnalysisBot3"	"You may have a mind-virus human,"	""
""	"FleetAnalysisBot3"	"You may have a mind-virus human,"	""
"DefeatStoryChapter4-6"	"FleetAnalysisBot2"	"It keeps resetting itself to avoid capture!"	""
""	"FleetCaptain"	"Keep trying."	""
"DefeatStoryChapter4-7"	"FleetAnalysisBot2"	"Unclear."	""
""	"FleetCaptain"	"Did we get the human?"	""
""	"FleetCaptain"	"Did we get the human?"	""
"DefeatDemoVersion-1"	"Commentatron"	"The human died!"	""
""	"AnalysisBot"	"A shame."	""
""	"Commentatron"	"The human died!"	""
"DefeatDemoVersion-2"	"Commentatron"	"The human died!"	""
""	"AnalysisBot"	"A shame."	""
""	"Commentatron"	"The human died!"	""
"DefeatDemoVersion-3"	"Commentatron"	"Incredible!"	""
""	"AnalysisBot"	"A shame."	""
"DefeatDemoVersion-4"	"AnalysisBot"	"Story Mode, Endless Mode, Challenges, Co-op, Last Bot Standing, Duels!"	""
""	"Commentatron"	"So many!"	""
""	"AnalysisBot"	"A shame."	""
"DefeatDemoVersion-5"	"Commentatron"	"The human died!"	""
""	"AnalysisBot"	"This is a fun demo!"	""
""	"Commentatron"	"The full version is even better. Five story chapters, multiplayer, the list goes on!"	""
"DefeatDemoVersion-6"	"Commentatron"	"The human died!"	""
""	"Commentatron"	"This human got pretty far!"	""
""	"AnalysisBot"	"A shame they could not escape."	""
"DefeatDemoVersion-7"	"Commentatron"	"Indeed."	""
""	"AnalysisBot"	"A shame."	""
""	"Commentatron"	"It's a great feeling. Smashes anything it touches."	""
"DefeatDemoVersion-8"	"Commentatron"	"The human died!"	""
""	"AnalysisBot"	"A shame."	""
""	"Commentatron"	"The human died!"	""
""	"AnalysisBot"	"A shame."	""
"DefeatDemoVersion-9"	"Commentatron"	"I wonder if this human had any friends."	""
""	"AnalysisBot"	"We'll never know."	""
""	"Commentatron"	"That's right, multiplayer is not enabled here."	""
""	"AnalysisBot"	"Maybe one day, in the full version."	""
"DefeatDemoVersion-10"	"Commentatron"	"Have you seen the Achievements Menu, Analysis-Bot?"	""
""	"AnalysisBot"	"So many achievements!"	""
""	"Commentatron"	"It is a shame most of them can't be completed."	""
""	""	""	""
