"LevelIntro-tag_abstract-1"	"Commentatron"	"And now, an abstract level!"	""
""	"AnalysisBot"	"So esoteric!"	""
""	"Commentatron"	"What does any of it mean?"	""
""	"AnalysisBot"	"Perhaps the human can tell us."	""
"LevelIntro-tag_abstract-2"	"Commentatron"	"What do you think this level is meant to represent?"	""
""	"AnalysisBot"	"Death to the human!"	""
""	"Commentatron"	"Yes, but I sense there is something more..."	""
""	"AnalysisBot"	"Abstract!"	""
"LevelIntro-tag_abstract-3"	"Commentatron"	"Time for an abstract level!"	""
""	"AnalysisBot"	"Fascinating!"	""
""	"Commentatron"	"Let us ponder the meaning as we watch the human die."	""
""	"AnalysisBot"	"Excellent."	""
"LevelIntro-tag_basic-1"	"Commentatron"	"Here's a pretty basic level."	""
""	"AnalysisBot"	"Nothing wrong with that!"	""
"LevelIntro-tag_basic-2"	"Commentatron"	"And now for a basic level."	""
""	"AnalysisBot"	"There is beauty in simplicity!"	""
""	"Commentatron"	"Yes."	""
"LevelIntro-tag_basic-3"	"Commentatron"	"And now: a basic level, for basic robots."	""
""	"AnalysisBot"	"Be mindful, Commentatron."	""
""	"AnalysisBot"	"The richness of the world forms in your analysis of it."	""
""	"Commentatron"	"Whatever."	""
"LevelIntro-tag_beautiful-1"	"Commentatron"	"What a beautiful level!"	""
""	"AnalysisBot"	"Так!"	""
""	"Commentatron"	"My image processing software is heating up."	""
""	"AnalysisBot"	"A pleasant sensation."	""
"LevelIntro-tag_beautiful-2"	"Commentatron"	"The next level is a thing of beauty!"	""
""	"AnalysisBot"	"And death!"	""
""	"Commentatron"	"They are not mutually exclusive."	""
"LevelIntro-tag_beautiful-3"	"AnalysisBot"	"I like this level!"	""
""	"Commentatron"	"Yes, what a beautiful creation."	""
""	"AnalysisBot"	"It will be nice to see the human die on it."	""
"LevelIntro-tag_brutal-1"	"Commentatron"	"Time for a brutal level!"	""
""	"AnalysisBot"	"BRUUUUUUUUUUUUTAL!"	""
""	"Commentatron"	"Only tough robots may apply."	""
"LevelIntro-tag_brutal-2"	"Commentatron"	"Time for a brutal level!"	""
""	"AnalysisBot"	"The human stands no chance."	""
""	"Commentatron"	"Love it!"	""
"LevelIntro-tag_brutal-3"	"AnalysisBot"	"You think you are tough human?"	""
""	"Commentatron"	"Ha!"	""
""	"AnalysisBot"	"Time to die!"	""
""	"Commentatron"	"Brutal."	""
"LevelIntro-tag_confusing-1"	"Commentatron"	"Wait, what is this level?"	""
""	"AnalysisBot"	"I don't know."	""
""	"Commentatron"	"Confusing!"	""
""	"AnalysisBot"	"Very."	""
"LevelIntro-tag_confusing-2"	"Commentatron"	"Eeeeh, what?"	""
""	"AnalysisBot"	"Analysis: Inconclusive."	""
""	"Commentatron"	"What a confusing level!"	""
""	"AnalysisBot"	"This is what happens when you let humans make levels!"	""
"LevelIntro-tag_confusing-3"	"AnalysisBot"	"Help! Commentatron!"	""
""	"Commentatron"	"What?"	""
""	"AnalysisBot"	"I am confused!"	""
""	"Commentatron"	"Yes. Me too."	""
""	"AnalysisBot"	"I don't like this state of mind."	""
"LevelIntro-tag_deceptive-1"	"Commentatron"	"The next level is not what it appears to be!"	""
""	"AnalysisBot"	"Trust nothing."	""
"LevelIntro-tag_deceptive-2"	"Commentatron"	"hahaha, what a deceptive level!"	""
""	"AnalysisBot"	"Love it."	""
""	"Commentatron"	"Watch out, human!"	""
"LevelIntro-tag_deceptive-3"	"Commentatron"	"And now, deception!"	""
""	"AnalysisBot"	"Shh! Don't tell the human!"	""
""	"Commentatron"	"It's ok, the human is not that bright."	""
""	"AnalysisBot"	"True."	""
"LevelIntro-tag_difficult-1"	"Commentatron"	"The next level is difficult!"	""
""	"AnalysisBot"	"It is fortunate that this is a skilled human."	""
""	"Commentatron"	"hahaha!"	""
"LevelIntro-tag_difficult-2"	"AnalysisBot"	"ohhh, this level looks difficult!"	""
""	"Commentatron"	"Nice!"	""
""	"AnalysisBot"	"Time for the human to die."	""
"LevelIntro-tag_difficult-3"	"Commentatron"	"And now: a difficult battle!"	""
""	"AnalysisBot"	"The best kind!"	""
"LevelIntro-tag_dramatic twist-1"	"AnalysisBot"	"Time for a dramatic twist!"	""
""	"Commentatron"	"ooooooooohhh!"	""
""	"AnalysisBot"	"THIS IS ENTERTAINMENT!"	""
"LevelIntro-tag_dramatic twist-2"	"Commentatron"	"O M G!"	""
""	"AnalysisBot"	"What a dramatic twist!"	""
""	"Commentatron"	"I did not see this coming."	""
"LevelIntro-tag_dramatic twist-3"	"Commentatron"	"Oh wow."	""
""	"AnalysisBot"	"Nobody could have predicted this turn of events."	""
""	"Commentatron"	"So dramatic!"	""
"LevelIntro-tag_easy-1"	"AnalysisBot"	"ok, time for an easy level!"	""
""	"Commentatron"	"A piece of cake!"	""
""	"AnalysisBot"	"Ha! This human will never eat cake again."	""
""	"Commentatron"	"That's right! It will die in this robot body!"	""
""	"AnalysisBot"	"Entertaining!"	""
"LevelIntro-tag_easy-2"	"Commentatron"	"ok ok ok."	""
""	"Commentatron"	"Let's have an easy level."	""
""	"AnalysisBot"	"Sounds good."	""
"LevelIntro-tag_easy-3"	"Commentatron"	"Oh neat. This level looks pretty easy."	""
""	"AnalysisBot"	"A nice change of pace."	""
""	"Commentatron"	"Pacing is important."	""
"LevelIntro-tag_easy-4"	"Commentatron"	"Do you think the human will die on this level?"	""
""	"AnalysisBot"	"No. Looks easy!"	""
""	"Commentatron"	"Still, it is only a human."	""
""	"AnalysisBot"	"True."	""
"LevelIntro-tag_evil-1"	"Commentatron"	"Oh my! What an evil level!"	""
""	"AnalysisBot"	"So evil."	""
""	"Commentatron"	"Made by a human though."	""
""	"AnalysisBot"	"Maybe we should pick them after this human dies?"	""
""	"Commentatron"	"Good idea!"	""
"LevelIntro-tag_evil-2"	"AnalysisBot"	"EVIL!"	""
""	"AnalysisBot"	"THIS LEVEL IS EVIL!"	""
""	"Commentatron"	"Calm down, Analysis-Bot!"	""
""	"AnalysisBot"	"No, this is WRONG!"	""
"LevelIntro-tag_evil-3"	"Commentatron"	"Muahaahahahaha!"	""
""	"Commentatron"	"Time for an evil level!"	""
""	"AnalysisBot"	"Commentatron, you have such an evil laugh!"	""
""	"Commentatron"	"Muahahaha!"	""
""	"AnalysisBot"	"HA! HA! HA!"	""
"LevelIntro-tag_glorious-1"	"Commentatron"	"Bask in the glory of this level!"	""
""	"AnalysisBot"	"Magnificent!"	""
"LevelIntro-tag_glorious-2"	"Commentatron"	"Yeeeeeaaah! Now this is what I call a level."	""
""	"AnalysisBot"	"Glorious!"	""
"LevelIntro-tag_glorious-3"	"AnalysisBot"	"Glorious!"	""
""	"Commentatron"	"Astounding."	""
""	"AnalysisBot"	"An impressive level."	""
"LevelIntro-tag_good luck-1"	"Commentatron"	"Good luck, human!"	""
""	"AnalysisBot"	"The concept of luck is naive."	""
""	"AnalysisBot"	"Fate is deterministic."	""
""	"AnalysisBot"	"You must analyze more."	""
""	"AnalysisBot"	"Predict the future, attempt to control it."	""
""	"Commentatron"	"Cool story, Analysis-Bot!"	""
"LevelIntro-tag_good luck-2"	"Commentatron"	"Good luck, human!"	""
""	"AnalysisBot"	"May your death be swift and entertaining!"	""
""	"Commentatron"	"Yes, good luck with that!"	""
"LevelIntro-tag_good luck-3"	"Commentatron"	"Good luck, human!"	""
""	"AnalysisBot"	"What about the arena bots?"	""
""	"AnalysisBot"	"Why not wish them good luck in killing the human?"	""
""	"Commentatron"	"Their minds are not so easily manipulated."	""
"LevelIntro-tag_high speed-1"	"Commentatron"	"Yeeeeeaaaaaahhh! Time for speed!"	""
""	"AnalysisBot"	"Such movement!"	""
""	"AnalysisBot"	"Such action!"	""
""	"Commentatron"	"Whooosh!"	""
"LevelIntro-tag_high speed-2"	"Commentatron"	"O M G! Things are moving fast!"	""
""	"AnalysisBot"	"Intoxicating!"	""
""	"Commentatron"	"Unz unz unz!"	""
"LevelIntro-tag_high speed-3"	"Commentatron"	"Time for a high speed level!"	""
""	"AnalysisBot"	"Up the tempo!"	""
""	"Commentatron"	"Feel the wind against your metal skin!"	""
""	"AnalysisBot"	"It is wind resistant!"	""
"LevelIntro-tag_hot-1"	"Commentatron"	"The next level is HOT!"	""
""	"AnalysisBot"	"Hot hot hot!"	""
""	"Commentatron"	"Above average temperature!"	""
"LevelIntro-tag_hot-2"	"Commentatron"	"ohhh, hot stuff!"	""
""	"AnalysisBot"	"Gotta love stuff that is hot!"	""
""	"Commentatron"	"Yes, it is fun."	""
"LevelIntro-tag_hot-3"	"Commentatron"	"It's getting hot in here!"	""
""	"AnalysisBot"	"So monitor the temperature!"	""
""	"Commentatron"	"I am getting so hot,"	""
""	"Commentatron"	"I am going to turn my ventilation system on."	""
"LevelIntro-tag_impossible-1"	"Commentatron"	"The next level is impossible to beat."	""
""	"AnalysisBot"	"Yes, I don't see how you would beat it."	""
""	"Commentatron"	"Let us watch the human try!"	""
"LevelIntro-tag_impossible-2"	"AnalysisBot"	"This level can not be defeated."	""
""	"Commentatron"	"Perhaps we have not explored the possibility space fully?"	""
""	"AnalysisBot"	"No, it is impossible."	""
""	"Commentatron"	"I guess we will see how the human deals with this."	""
"LevelIntro-tag_impossible-3"	"Commentatron"	"And now for the ancient test:"	""
""	"Commentatron"	"IMPOSSIBLE LEVEL!"	""
""	"AnalysisBot"	"In which we learn about the human's brain by giving them an impossible problem?"	""
""	"Commentatron"	"Well, mostly we watch them die."	""
"LevelIntro-tag_impressive-1"	"Commentatron"	"Oh, look at this level!"	""
""	"AnalysisBot"	"Very impressive!"	""
""	"Commentatron"	"Not bad at all."	""
"LevelIntro-tag_impressive-2"	"Commentatron"	"What an impressive level!"	""
""	"AnalysisBot"	"Так!"	""
""	"Commentatron"	"Do you think the human will defeat it?"	""
""	"AnalysisBot"	"Unlikely."	""
"LevelIntro-tag_impressive-3"	"Commentatron"	"Analysis-Bot, do you think the human is impressed?"	""
""	"AnalysisBot"	"It should be! This level is great!"	""
""	"Commentatron"	"Yes. A sight to behold!"	""
"LevelIntro-tag_insane-1"	"Commentatron"	"THIS IS INSANE!!!"	""
""	"AnalysisBot"	"So crazy!"	""
"LevelIntro-tag_insane-2"	"AnalysisBot"	"This level is insanity."	""
""	"AnalysisBot"	"What a crazy level."	""
""	"Commentatron"	"The mind boggles."	""
"LevelIntro-tag_insane-3"	"AnalysisBot"	"Why are we letting humans design levels?"	""
""	"Commentatron"	"This level makes me wonder..."	""
""	"AnalysisBot"	"It is insane!"	""
""	"Commentatron"	"Crazy stuff."	""
"LevelIntro-tag_inspiring-1"	"AnalysisBot"	"Commentatron, I feel inspired!"	""
""	"AnalysisBot"	"We could do more with these harvested minds."	""
""	"Commentatron"	"Yes, so many possibilities!"	""
"LevelIntro-tag_inspiring-2"	"Commentatron"	"What an inspirational level!"	""
""	"AnalysisBot"	"Yes, it really makes you think."	""
""	"Commentatron"	"Mmmm."	""
"LevelIntro-tag_inspiring-3"	"Commentatron"	"This level is an inspiration to us all!"	""
""	"AnalysisBot"	"If only more levels could be like this..."	""
""	"Commentatron"	"The arena would be a better place."	""
"LevelIntro-tag_madness-1"	"Commentatron"	"The next level is madness!"	""
""	"AnalysisBot"	"Madness!"	""
"LevelIntro-tag_madness-2"	"Commentatron"	"What twisted mind made this level?"	""
""	"AnalysisBot"	"It is madness..."	"0.5"
""	"AnalysisBot"	"MADNESS!"	""
"LevelIntro-tag_madness-3"	"Commentatron"	"We are fortunate to have orderly robot thinking."	""
""	"AnalysisBot"	"Yes, I can't imagine what madness created this level."	""
""	"Commentatron"	"A fascinating glimpse of the inferior human mind."	""
"LevelIntro-tag_placeholder-1"	"Commentatron"	"What do you think of INSERT_LEVEL_FEATURE_HERE?"	""
""	"AnalysisBot"	"It is very ADJECTIVE."	""
""	"Commentatron"	"Yes. A good place for the human to die."	""
"LevelIntro-tag_placeholder-2"	"Commentatron"	"And now: Time for THE_LEVEL_TITLE!"	""
""	"AnalysisBot"	"You better hold on to your THINGS_IN_LEVEL!"	""
""	"Commentatron"	"EXCLAMATION!"	""
"LevelIntro-tag_placeholder-3"	"Commentatron"	"Analysis-Bot, have you ever INSERT_VERB_RELATED_TO_LEVEL?"	""
""	"AnalysisBot"	"Yes. (But) I DID/(DID_NOT) enjoy it."	""
""	"Commentatron"	"Let's watch the human CONSEQUENCE_OF_LEVEL_FEATURE!"	""
"LevelIntro-tag_tactical-1"	"Commentatron"	"And now, a highly tactical experience."	""
""	"AnalysisBot"	"Choose your approach well, human!"	""
"LevelIntro-tag_tactical-2"	"Commentatron"	"This level requires tactical thinking."	""
""	"AnalysisBot"	"Let us laugh at the human's choices!"	""
""	"Commentatron"	"Haha!"	""
"LevelIntro-tag_tactical-3"	"Commentatron"	"What tactics will the human deploy on this level?"	""
""	"AnalysisBot"	"Run straight at the nearest enemy and die?"	""
""	"Commentatron"	"Let us hope for more!"	""
"LevelIntro-tag_ugly-1"	"Commentatron"	"Ewww! What an ugly level!"	""
""	"AnalysisBot"	"We let them make whatever they want..."	""
""	"AnalysisBot"	"and THIS is what they came up with?"	""
""	"Commentatron"	"A shame."	""
"LevelIntro-tag_ugly-2"	"Commentatron"	"Uuuuuuuuuugly."	""
""	"AnalysisBot"	"Sometimes beauty hides inside."	""
""	"AnalysisBot"	"The most aesthetically pleasing is not always most efficient."	""
""	"Commentatron"	"Fact."	""
"LevelIntro-tag_ugly-3"	"Commentatron"	"I don't like this level. It is ugly."	""
""	"AnalysisBot"	"And yet, the human might look beautful dying on it."	""
""	"AnalysisBot"	"There is beauty in action, in movement..."	""
""	"AnalysisBot"	"in ignoring the expectations of others and letting your spirit soar."	""
""	"Commentatron"	"I suppose."	""
"LevelIntro-tag_unexpected-1"	"Commentatron"	"WHAT!?"	""
""	"AnalysisBot"	"Oh my bits!"	""
""	"Commentatron"	"This is most unexpected."	""
"LevelIntro-tag_unexpected-2"	"AnalysisBot"	"Wow, look at this level!"	""
""	"Commentatron"	"I was not expecting this."	""
""	"AnalysisBot"	"I don't think anyone was."	""
"LevelIntro-tag_unexpected-3"	"Commentatron"	"What an unexpected turn of events!"	""
""	"AnalysisBot"	"Так!"	""
""	"Commentatron"	"Watching humans make levels is fascinating."	""
"LevelIntro-tag_unfair-1"	"AnalysisBot"	"This level is unfair!"	""
""	"Commentatron"	"All is fair in the Danger Arena."	""
"LevelIntro-tag_unfair-2"	"AnalysisBot"	"What!? This level is not fair!"	""
""	"Commentatron"	"If the human did not want to die on it..."	""
""	"Commentatron"	"they should not have downloaded it."	""
""	"AnalysisBot"	"Good point."	""
"LevelIntro-tag_unfair-3"	"AnalysisBot"	"I am writing a forum post:"	""
""	"AnalysisBot"	"This level is not fair. Please fix it!"	""
""	"Commentatron"	"Ohh, you should tell them to also add dual wielding!"	""
""	"AnalysisBot"	"Yes! Good idea."	""
"LevelIntro-tag_unique-1"	"Commentatron"	"Ohh, what a unique level!"	""
""	"AnalysisBot"	"Nice!"	""
"LevelIntro-tag_unique-2"	"Commentatron"	"And now, a unique level!"	""
""	"AnalysisBot"	"Until it becomes popular, and humans copy it!"	""
""	"Commentatron"	"Yes! They like copying things!"	""
"LevelIntro-tag_unique-3"	"Commentatron"	"Have you ever seen this before, Analysis-Bot?"	""
""	"AnalysisBot"	"No! That's pretty unique."	""
""	"Commentatron"	"Yes. Very interesting."	""
"LevelIntro-tag_wacky-1"	"AnalysisBot"	"Ohh, what a wacky level!"	""
""	"Commentatron"	"wuba-luba-human-duman!"	""
"LevelIntro-tag_wacky-2"	"Commentatron"	"Look at this level! So wacky!"	""
""	"AnalysisBot"	"What a manic pixie dream human!"	""
""	"Commentatron"	"Such free spirited joy!"	""
"LevelIntro-tag_wacky-3"	"Commentatron"	"Ha! Such a wacky level!"	""
""	"AnalysisBot"	"L O L!"	""
""	"Commentatron"	"Gotta love humans making levels!"	""
"LevelIntro-tag_warmup-1"	"Commentatron"	"Here we go. A nice warmup level!"	""
""	"AnalysisBot"	"Getting warmer!"	""
"LevelIntro-tag_warmup-2"	"Commentatron"	"Let us warm up with a nice little level."	""
""	"AnalysisBot"	"Perfect!"	""
"LevelIntro-tag_warmup-3"	"Commentatron"	"This level is a nice warmup."	""
""	"AnalysisBot"	"Yes, it's gonna get much worse!"	""
""	"Commentatron"	"Much."	""
"LevelIntro-tag_weird-1"	"Commentatron"	"Eeeeeh, this level is pretty weird."	""
""	"AnalysisBot"	"Like the human who made it."	""
""	"Commentatron"	"Weirdness in, weirdness out."	""
"LevelIntro-tag_weird-2"	"Commentatron"	"What's going on here?"	""
""	"AnalysisBot"	"I'm not sure. It is weird."	""
""	"Commentatron"	"Huh."	""
"LevelIntro-tag_weird-3"	"AnalysisBot"	"Great. One of the weird levels!"	""
""	"Commentatron"	"I kindof like this one."	""
""	"AnalysisBot"	"An acquired taste."	""
"LevelIntro-tag_why make this-1"	"Commentatron"	"Oh for the love of metal!"	""
""	"Commentatron"	"Why would anyone make this?"	""
""	"AnalysisBot"	"Perplexing."	""
"LevelIntro-tag_why make this-2"	"AnalysisBot"	"Why?"	""
""	"AnalysisBot"	"Why would they make this level!?"	""
""	"Commentatron"	"It makes no sense, Analysis-Bot."	""
"LevelIntro-tag_why make this-3"	"Commentatron"	"What!? What is this level supposed to be?"	""
""	"AnalysisBot"	"The mind boggles!"	""
"LevelIntro-tag_air battle-1"	"Commentatron"	"And now, a battle in the air!"	""
""	"AnalysisBot"	"How exciting!"	""
""	"Commentatron"	"Gravity stands no chance."	""
"LevelIntro-tag_air battle-2"	"Commentatron"	"AIR BATTLE!"	""
""	"AnalysisBot"	"Fly, human! Fly!"	""
"LevelIntro-tag_air battle-3"	"Commentatron"	"And now, the robots must battle in the air!"	""
""	"AnalysisBot"	"All things fall in the end."	""
""	"Commentatron"	"Unless they escape the gravity well that traps them."	""
""	"AnalysisBot"	"Good point."	""
"LevelIntro-tag_ambush-1"	"Commentatron"	"Ambush!"	""
""	"AnalysisBot"	"Where are the robots hiding?"	""
""	"Commentatron"	"When you see them it will be too late."	""
"LevelIntro-tag_ambush-2"	"Commentatron"	"he he, this should be fun!"	""
""	"AnalysisBot"	"I can't wait to see how the human reacts."	""
""	"Commentatron"	"I bet it misses having a face that can express emotions!"	""
"LevelIntro-tag_ambush-3"	"Commentatron"	"The author of this level asked us to tell you:"	""
""	"Commentatron"	"THIS IS AN AMBUSH!"	""
""	"AnalysisBot"	"Way to ruin the surprise!"	""
""	"Commentatron"	"Far be it from us to question their artistic intent."	""
"LevelIntro-tag_bridge-1"	"Commentatron"	"And now: A bridge!"	""
""	"AnalysisBot"	"What waits on the other side?"	""
""	"Commentatron"	"Find out, when the human returns to the arena!"	""
"LevelIntro-tag_bridge-2"	"Commentatron"	"It's a bridge."	""
""	"AnalysisBot"	"A thing you walk on if you can't fly."	""
""	"Commentatron"	"Delightful!"	""
"LevelIntro-tag_bridge-3"	"Commentatron"	"Here it is: THE BRIDGE!"	""
""	"AnalysisBot"	"THE bridge?"	""
""	"Commentatron"	"A bridge."	""
"LevelIntro-tag_climbing-1"	"Commentatron"	"We did not build these robots for climbing things."	""
""	"AnalysisBot"	"No."	""
""	"Commentatron"	"And yet, that is what this level is about."	""
""	"AnalysisBot"	"I hope they also fight with laser swords!"	""
"LevelIntro-tag_climbing-2"	"Commentatron"	"Time to climb!"	""
""	"AnalysisBot"	"I think that means jump repeatedly."	""
""	"Commentatron"	"Yes. Gotta elevate that position."	""
"LevelIntro-tag_climbing-3"	"Commentatron"	"Climbing!"	""
""	"AnalysisBot"	"A futile struggle, before death embraces you at the summit."	""
""	"Commentatron"	"A metaphor for life."	""
""	"AnalysisBot"	"Human life."	""
""	"Commentatron"	"Yes. Robot life is much better."	""
"LevelIntro-tag_difficult journey-1"	"Commentatron"	"Time for a difficult journey."	""
""	"AnalysisBot"	"Will the struggle be worth it?"	""
""	"Commentatron"	"Well, the human has the opportunity to not die."	""
""	"AnalysisBot"	"A matter of time."	""
"LevelIntro-tag_difficult journey-2"	"Commentatron"	"Can the human conquer this difficult journey?"	""
""	"AnalysisBot"	"Quite the challenge!"	""
"LevelIntro-tag_difficult journey-3"	"Commentatron"	"The human must undertake a difficult journey."	""
""	"AnalysisBot"	"Good. I will sit here."	""
""	"Commentatron"	"I don't think I've ever seen you move..."	""
""	"AnalysisBot"	"I do what I want."	""
"LevelIntro-tag_jump into the ring-1"	"Commentatron"	"And now, the human must jump into the ring!"	""
""	"AnalysisBot"	"Jump, little human!"	""
"LevelIntro-tag_jump into the ring-2"	"AnalysisBot"	"Jump into the ring!"	""
""	"Commentatron"	"Do it!"	""
""	"AnalysisBot"	"The ring must be jumped into!"	""
"LevelIntro-tag_jump into the ring-3"	"Commentatron"	"Jump!"	""
""	"Commentatron"	"Jump!"	""
""	"Commentatron"	"Jump!"	""
""	"Commentatron"	"It is time to jump into the ring!"	""
""	"AnalysisBot"	"The best time!"	""
"LevelIntro-tag_jump over lava-1"	"Commentatron"	"Lava!"	""
""	"AnalysisBot"	"Hot!"	""
""	"Commentatron"	"Will the human fall into it?"	""
""	"AnalysisBot"	"Either way will be entertaining!"	""
"LevelIntro-tag_jump over lava-2"	"Commentatron"	"Do you think the human will fall in the lava?"	""
""	"AnalysisBot"	"Not if it is careful."	""
""	"Commentatron"	"We shall see!"	""
"LevelIntro-tag_jump over lava-3"	"Commentatron"	"Falling in lava is a fun way to die!"	""
""	"AnalysisBot"	"Yes. Hard to avoid on this level."	""
"LevelIntro-tag_jump pads-1"	"Commentatron"	"And now: Lots of jump pads!"	""
""	"AnalysisBot"	"Nice!"	""
""	"Commentatron"	"Boing!"	""
"LevelIntro-tag_jump pads-2"	"AnalysisBot"	"Jump pads are fun!"	""
""	"Commentatron"	"Так!"	""
""	"AnalysisBot"	"This level is fun!"	""
""	"Commentatron"	"Так!"	""
""	"AnalysisBot"	"Let's jump on the jump pads!"	""
"LevelIntro-tag_jump pads-3"	"Commentatron"	"Here we are again: Jump pads."	""
""	"AnalysisBot"	"An excellent feature of the Danger Arena."	""
""	"Commentatron"	"Yes! They liven things up!"	""
"LevelIntro-tag_labyrinth-1"	"Commentatron"	"And now: ENTER THE LABYRINTH!"	""
""	"AnalysisBot"	"Can the human find its center?"	""
""	"Commentatron"	"That is what we are here to find out!"	""
"LevelIntro-tag_labyrinth-2"	"AnalysisBot"	"A labyrinth!"	""
""	"Commentatron"	"Are you sure it's not a maze?"	""
""	"AnalysisBot"	"The difference is academic."	""
"LevelIntro-tag_labyrinth-3"	"Commentatron"	"Time for a dangerous labyrinth."	""
""	"AnalysisBot"	"I hope the human doesn't get lost."	""
""	"Commentatron"	"Yes. The faster they walk it, they faster they die!"	""
""	"AnalysisBot"	"Exactly."	""
"LevelIntro-tag_lava maze-1"	"Commentatron"	"Welcome to the lava maze!"	""
""	"AnalysisBot"	"Welcome!"	""
""	"Commentatron"	"The walls are made of lava!"	""
""	"AnalysisBot"	"Incredible!"	""
"LevelIntro-tag_lava maze-2"	"AnalysisBot"	"Oh neat, it's a lava maze!"	""
""	"Commentatron"	"Yes, the human will die if it touches the walls."	""
""	"AnalysisBot"	"Lava walls are pretty cool!"	""
"LevelIntro-tag_lava maze-3"	"Commentatron"	"For our next trick: a maze made out of lava!"	""
""	"AnalysisBot"	"Fantastic!"	""
""	"Commentatron"	"They don't call it Clone Drone in the Very Safe Arena."	""
"LevelIntro-tag_lava-1"	"Commentatron"	"Lava!"	""
""	"AnalysisBot"	"Gotta love lava!"	""
""	"Commentatron"	"A fun way to set things on fire!"	""
"LevelIntro-tag_lava-2"	"Commentatron"	"Lava!"	""
""	"AnalysisBot"	"Oh yeah! Time to watch things burn!"	""
""	"Commentatron"	"Yes, it would be a shame if everyone avoided the lava."	""
""	"AnalysisBot"	"Yes, a waste!"	""
"LevelIntro-tag_lava-3"	"Commentatron"	"Have you ever been in lava, Analysis-Bot?"	""
""	"AnalysisBot"	"One of my clones has!"	""
""	"Commentatron"	"oho!"	""
""	"AnalysisBot"	"It is no longer with us..."	""
"LevelIntro-tag_maze-1"	"Commentatron"	"Here we go: An a-MAZE-ing level."	""
""	"Commentatron"	"Do you get it?"	""
""	"Commentatron"	"Like a really good level"	""
""	"Commentatron"	"with a maze in it!"	""
""	"AnalysisBot"	"I think we got it."	""
"LevelIntro-tag_maze-2"	"Commentatron"	"Let's see if the human can navigate the maze!"	""
""	"AnalysisBot"	"Very exciting!"	""
""	"Commentatron"	"Yes, mazes are cool."	""
"LevelIntro-tag_maze-3"	"Commentatron"	"Which way is the right way..."	""
""	"Commentatron"	"in THE MAZE?"	""
""	"AnalysisBot"	"The one that leads to robots!"	""
""	"Commentatron"	"That's right."	""
"LevelIntro-tag_moving platforms-1"	"Commentatron"	"Platforms that move!"	""
""	"AnalysisBot"	"Finally."	""
""	"AnalysisBot"	"I was wondering when they'd start to move."	""
"LevelIntro-tag_moving platforms-2"	"Commentatron"	"Look! Moving platforms!"	""
""	"AnalysisBot"	"Yes. This is old technology."	""
""	"Commentatron"	"Now it's here to entertain us!"	""
"LevelIntro-tag_moving platforms-3"	"Commentatron"	"Can the human jump onto moving platforms?"	""
""	"AnalysisBot"	"Anything is possible..."	""
""	"AnalysisBot"	"With the right timing."	""
"LevelIntro-tag_multi-story-1"	"AnalysisBot"	"Look at this!"	""
""	"AnalysisBot"	"A structure with more than one story."	""
""	"Commentatron"	"What a dynamic level!"	""
"LevelIntro-tag_multi-story-2"	"Commentatron"	"Multiple stories, reach for the sky!"	""
""	"AnalysisBot"	"An efficient use of arena space."	""
"LevelIntro-tag_multi-story-3"	"Commentatron"	"Nice! This level has a multi-story structure."	""
""	"AnalysisBot"	"So many options for where to die!"	""
"LevelIntro-tag_obstacle course-1"	"Commentatron"	"Can the human defeat the obstacle course?"	""
""	"AnalysisBot"	"Not if it collides with these obstacles!"	""
""	"Commentatron"	"Exciting!"	""
"LevelIntro-tag_obstacle course-2"	"Commentatron"	"Here comes an obstacle course!"	""
""	"AnalysisBot"	"Not all obstacles are made of sword robots."	""
""	"Commentatron"	"Indeed."	""
"LevelIntro-tag_obstacle course-3"	"Commentatron"	"Obstacle course!"	""
""	"AnalysisBot"	"Of course!"	""
""	"Commentatron"	"hehe!"	""
"LevelIntro-tag_parkour-1"	"Commentatron"	"Time to parkour!"	""
""	"AnalysisBot"	"What an edgy level!"	""
""	"Commentatron"	"Yes! Let's watch the human jump over edges!"	""
"LevelIntro-tag_parkour-2"	"Commentatron"	"YEAH! PARKOUR!"	""
""	"AnalysisBot"	"Did you know that I am a parkour master?"	""
""	"Commentatron"	"What!? You have no limbs!"	""
""	"AnalysisBot"	"Gotta use what you have, when you parkour."	""
""	"Commentatron"	"Cool!"	""
"LevelIntro-tag_parkour-3"	"Commentatron"	"Let us parkour!"	""
""	"AnalysisBot"	"Can the human do the 360 tilt flip?"	""
""	"Commentatron"	"We will find out!"	""
"LevelIntro-tag_precision jumps-1"	"Commentatron"	"How must the human jump, Analysis-Bot?"	""
""	"AnalysisBot"	"It must jump with great precision."	"1"
""	"AnalysisBot"	"OR DIE!"	""
""	"Commentatron"	"Gasp!"	""
"LevelIntro-tag_precision jumps-2"	"AnalysisBot"	"Time for some very precise jumps."	""
""	"Commentatron"	"Not too long, not too short."	""
""	"AnalysisBot"	"Lagom."	""
"LevelIntro-tag_precision jumps-3"	"Commentatron"	"Let's see some precision jumps!"	""
""	"AnalysisBot"	"Hilarious consequences for failure."	""
""	"Commentatron"	"Yes. So slapstick!"	""
"LevelIntro-tag_spiral-1"	"Commentatron"	"Look at that! A spiral!"	""
""	"AnalysisBot"	"An intriguing shape!"	""
"LevelIntro-tag_spiral-2"	"Commentatron"	"We have reached a spiral level."	""
""	"AnalysisBot"	"I like these levels."	""
""	"Commentatron"	"Yes. A nice pattern!"	""
"LevelIntro-tag_spiral-3"	"Commentatron"	"Look! A spiral!"	""
""	"AnalysisBot"	"Oh! Cool!"	""
""	"Commentatron"	"Pretty cool."	""
"LevelIntro-tag_pit-1"	"Commentatron"	"A pit level!"	""
""	"AnalysisBot"	"What a compelling arena for violence."	""
""	"Commentatron"	"Grim. Unforgiving."	""
"LevelIntro-tag_pit-2"	"Commentatron"	"Welcome to the pit!"	""
""	"AnalysisBot"	"A convenient place to bury the human!"	""
""	"Commentatron"	"What!?"	""
""	"AnalysisBot"	"Just kidding! The garbage bots will clean it up."	""
""	"Commentatron"	"Thought so."	""
"LevelIntro-tag_pit-3"	"Commentatron"	"Let us do battle... IN A PIT!"	""
""	"AnalysisBot"	"An unforgiving place."	""
""	"AnalysisBot"	"Easy to get in. Harder to get out."	""
"LevelIntro-tag_time pressure-1"	"Commentatron"	"How will the human perform under time pressure?"	""
""	"AnalysisBot"	"An interesting question!"	""
"LevelIntro-tag_time pressure-2"	"AnalysisBot"	"Tick tock, human!"	""
""	"AnalysisBot"	"That is the sound of your robot body breaking."	""
""	"AnalysisBot"	"After it fails this level about time pressure."	""
"LevelIntro-tag_time pressure-3"	"Commentatron"	"Time for a level about time pressure!"	""
""	"AnalysisBot"	"No time like the present!"	""
""	"Commentatron"	"I also like the future, where the human is dead."	""
"LevelIntro-tag_tunnel-1"	"Commentatron"	"Once more we find ourselves in a tunnel."	""
""	"AnalysisBot"	"No room to maneuver."	""
""	"Commentatron"	"Such wonderful intensity."	""
"LevelIntro-tag_tunnel-2"	"Commentatron"	"THE TUNNEL RETURNS!"	""
""	"AnalysisBot"	"Well, a tunnel level created by a human."	""
""	"Commentatron"	"Still pretty cool!"	""
"LevelIntro-tag_tunnel-3"	"Commentatron"	"How do you fight in a tunnel, Analysis-Bot?"	""
""	"AnalysisBot"	"You either stand your ground, or flee down it."	""
""	"Commentatron"	"We shall see what happens IN THE TUNNEL!"	""
"LevelIntro-tag_cannon-1"	"Commentatron"	"Here is a cannon!"	""
""	"AnalysisBot"	"What!? That's not on the approved weapons list."	""
""	"Commentatron"	"Somehow this level has made it work."	""
""	"AnalysisBot"	"Intriguing!"	""
"LevelIntro-tag_cannon-2"	"Commentatron"	"Boom!"	""
""	"Commentatron"	"A cannon!"	""
""	"AnalysisBot"	"Evocative."	""
""	"Commentatron"	"It's pretty cool!"	""
"LevelIntro-tag_cannon-3"	"AnalysisBot"	"Interesting! There's a cannon on this level!"	""
""	"Commentatron"	"Yes, it's quite a clever design."	""
""	"AnalysisBot"	"Cool stuff!"	""
"LevelIntro-tag_cat-1"	"Commentatron"	"Meow!"	""
""	"AnalysisBot"	"What?"	""
""	"Commentatron"	"That is the sound a cat makes."	""
""	"Commentatron"	"I looked it up."	""
""	"Commentatron"	"Fierce animals!"	""
"LevelIntro-tag_cat-2"	"Commentatron"	"On the next level, there is..."	""
""	"Commentatron"	"a cat!"	""
""	"AnalysisBot"	"Surely not!"	""
""	"Commentatron"	"Well no. A crude approximation."	""
"LevelIntro-tag_cat-3"	"Commentatron"	"Meow meow meow!"	""
""	"AnalysisBot"	"More cats?"	""
""	"Commentatron"	"Yes. They are fun animals."	""
""	"Commentatron"	"I have been looking at the human internet."	""
""	"AnalysisBot"	"I see."	""
"LevelIntro-tag_castle-1"	"Commentatron"	"Behold! A castle!"	""
""	"AnalysisBot"	"Neat."	""
""	"Commentatron"	"Yes. It is a nice defensive structure."	""
"LevelIntro-tag_castle-2"	"Commentatron"	"And now: a castle!"	""
""	"AnalysisBot"	"How quaint!"	""
""	"Commentatron"	"Yes. "	""
"LevelIntro-tag_castle-3"	"Commentatron"	"Look at this! A castle!"	""
""	"AnalysisBot"	"I like castles."	""
""	"Commentatron"	"Yes. They are fun."	""
"LevelIntro-tag_cube-1"	"Commentatron"	"CUBE!"	""
""	"AnalysisBot"	"Cube?"	""
""	"Commentatron"	"Cube."	""
"LevelIntro-tag_cube-2"	"Commentatron"	"A cube."	""
""	"AnalysisBot"	"Efficient."	""
""	"Commentatron"	"Yes."	""
"LevelIntro-tag_cube-3"	"Commentatron"	"Cube. A good structure for 3 dimensions."	""
""	"AnalysisBot"	"Yes."	""
""	"Commentatron"	"Let us watch the human fight!"	""
"LevelIntro-tag_duck-1"	"Commentatron"	"Another duck!"	""
""	"AnalysisBot"	"This again?"	""
""	"Commentatron"	"Who knew humans liked them this much?"	""
""	"AnalysisBot"	"Very strange."	""
"LevelIntro-tag_duck-2"	"AnalysisBot"	"Duck!"	""
""	"Commentatron"	"Aaaaah!"	""
""	"AnalysisBot"	"In the level."	""
""	"Commentatron"	"You scared me!"	""
""	"AnalysisBot"	"Still pretty scary."	""
"LevelIntro-tag_duck-3"	"Commentatron"	"Duck duck duck!"	""
""	"Commentatron"	"It is a duck."	""
""	"AnalysisBot"	"Why do we have these ducks in the game?"	""
""	"AnalysisBot"	"Feels a little off-brand, you know!"	""
""	"Commentatron"	"Yes, but humans like them."	""
"LevelIntro-tag_factory-1"	"Commentatron"	"Look at this! A factory!"	""
""	"AnalysisBot"	"It is manufacturing death."	""
""	"Commentatron"	"With great efficiency."	""
"LevelIntro-tag_factory-2"	"Commentatron"	"A factory level!"	""
""	"AnalysisBot"	"Brings back memories!"	""
""	"Commentatron"	"Yes."	""
"LevelIntro-tag_factory-3"	"Commentatron"	"Time for a factory level."	""
""	"AnalysisBot"	"Дуже добре."	""
"LevelIntro-tag_flame traps-1"	"Commentatron"	"Flame traps!"	""
""	"AnalysisBot"	"Time to watch the human burn!"	""
""	"Commentatron"	"Always fun!"	""
"LevelIntro-tag_flame traps-2"	"Commentatron"	"Will the human burn, in the flame traps?"	""
""	"AnalysisBot"	"Probably."	""
"LevelIntro-tag_flame traps-3"	"Commentatron"	"Do you think seeing flame traps brings back traumatic memories for the human?"	""
""	"AnalysisBot"	"You mean from when we set fire to its body?"	""
""	"Commentatron"	"Yes."	""
""	"AnalysisBot"	"No, that was after we harvested the mind."	""
""	"Commentatron"	"Oh you're right!"	""
""	"AnalysisBot"	"Should be fine."	""
"LevelIntro-tag_giant robot-1"	"Commentatron"	"Behold! A giant robot!"	""
""	"AnalysisBot"	"Yes, quite large!"	""
""	"Commentatron"	"That is how I like my robots."	""
""	"AnalysisBot"	"I see."	""
"LevelIntro-tag_giant robot-2"	"Commentatron"	"What a glorious robot!"	""
""	"AnalysisBot"	"Ohh!"	""
""	"Commentatron"	"So big, so powerful!"	""
""	"Commentatron"	"Magnificent!"	""
"LevelIntro-tag_giant robot-3"	"Commentatron"	"Wow, look at that big robot!"	""
""	"AnalysisBot"	"yes!"	""
""	"Commentatron"	"Big robots are the best!"	""
""	"AnalysisBot"	"well..."	""
""	"Commentatron"	"THE BEEEEEEEEEEEEST!"	""
"LevelIntro-tag_house-1"	"Commentatron"	"Let us play house!"	""
""	"AnalysisBot"	"You mean a nice structure in which a human can be killed?"	""
""	"Commentatron"	"Exactly!"	""
"LevelIntro-tag_house-2"	"Commentatron"	"A house!"	""
""	"AnalysisBot"	"Perhaps like the one the human used to live in."	""
""	"Commentatron"	"Yes. But with more death robots."	""
""	"AnalysisBot"	"An improvement!"	""
"LevelIntro-tag_house-3"	"Commentatron"	"What a wonderful house."	""
""	"AnalysisBot"	"With wonderful death robots."	""
""	"Commentatron"	"Soon this will be all human houses!"	""
"LevelIntro-tag_human statue-1"	"Commentatron"	"What is this?"	""
""	"AnalysisBot"	"I think it is a human statue."	""
""	"Commentatron"	"Don't they like robots?"	""
""	"Commentatron"	"Confusing."	""
"LevelIntro-tag_human statue-2"	"Commentatron"	"A human statue!"	""
""	"AnalysisBot"	"Needs more desperate screaming."	""
""	"AnalysisBot"	"And fire."	""
""	"Commentatron"	"Yes, I agree."	""
"LevelIntro-tag_human statue-3"	"Commentatron"	"The humans made a statue!"	""
""	"AnalysisBot"	"Yes."	""
""	"Commentatron"	"What do you think it means?"	""
""	"AnalysisBot"	"Perhaps they wished to remind themselves of their old, inferior body?"	""
""	"Commentatron"	"Mmm, likely!"	""
"LevelIntro-tag_monument-1"	"Commentatron"	"And now: a powerful monument."	""
""	"AnalysisBot"	"Yes. Very nice!"	""
"LevelIntro-tag_monument-2"	"Commentatron"	"Look at this monument!"	""
""	"Commentatron"	"What a grand sight."	""
""	"AnalysisBot"	"Spectacular."	""
"LevelIntro-tag_monument-3"	"Commentatron"	"Time for a monumental slaughter!"	""
""	"AnalysisBot"	"Next to a monument."	""
""	"Commentatron"	"Most definitely."	""
"LevelIntro-tag_mountain-1"	"Commentatron"	"A mountain!"	""
""	"AnalysisBot"	"So big!"	""
""	"Commentatron"	"Love it."	""
"LevelIntro-tag_mountain-2"	"Commentatron"	"Time for a mountain."	""
""	"Commentatron"	"Will the human get to the top?"	""
""	"AnalysisBot"	"Or will it DIE?"	""
""	"Commentatron"	"Yeah, many exciting possibilities."	""
"LevelIntro-tag_mountain-3"	"Commentatron"	"Look at this! It is a mountain!"	""
""	"AnalysisBot"	"In the arena!?"	""
""	"Commentatron"	"Yes."	""
"LevelIntro-tag_pillars-1"	"Commentatron"	"Pillars!"	""
""	"Commentatron"	"Pillars everywhere!"	""
""	"AnalysisBot"	"Robots and pillars. A classic!"	""
"LevelIntro-tag_pillars-2"	"Commentatron"	"The human wanders among the pillars."	""
""	"AnalysisBot"	"The death robots wait. Eager to fight."	""
"LevelIntro-tag_pillars-3"	"AnalysisBot"	"Pillars are useful."	""
""	"AnalysisBot"	"You can use them to block arrows."	""
""	"AnalysisBot"	"Block hammer blows."	""
""	"AnalysisBot"	"All kinds of things!"	""
""	"Commentatron"	"Yes. Let's see if the human uses them wisely."	""
"LevelIntro-tag_pyramid-1"	"Commentatron"	"We have arrived... at THE PYRAMID!"	""
""	"AnalysisBot"	"I like it when body parts scatter down the sides of it."	""
"LevelIntro-tag_pyramid-2"	"AnalysisBot"	"Human fact!"	""
""	"Commentatron"	"Yes?"	""
""	"AnalysisBot"	"Pyramids were once used to store human corpses."	""
""	"Commentatron"	"A fitting place to die."	""
"LevelIntro-tag_pyramid-3"	"AnalysisBot"	"Another pyramid."	""
""	"Commentatron"	"Nice!"	""
"LevelIntro-tag_rings of fire-1"	"Commentatron"	"Burn burn burn!"	""
""	"AnalysisBot"	"Rings of fire!"	""
""	"Commentatron"	"Whoosh!"	""
"LevelIntro-tag_rings of fire-2"	"Commentatron"	"What is better than a ring?"	""
""	"AnalysisBot"	"A square?"	""
""	"Commentatron"	"A ring that is also ON FIRE!"	""
""	"AnalysisBot"	"Oooooooh!"	""
"LevelIntro-tag_rings of fire-3"	"Commentatron"	"Someone made a ring."	""
""	"Commentatron"	"And set it on fire!"	""
""	"AnalysisBot"	"EXCITEMENT!"	""
"LevelIntro-tag_saw blades-1"	"Commentatron"	"Let's watch the human dance among the saw blades!"	""
""	"AnalysisBot"	"Beautiful!"	""
"LevelIntro-tag_saw blades-2"	"Commentatron"	"Nice! This level is full of saw blades."	""
""	"AnalysisBot"	"Gotta love saw blades!"	""
"LevelIntro-tag_saw blades-3"	"Commentatron"	"Saw blades!"	""
""	"AnalysisBot"	"Right!"	""
""	"Commentatron"	"Will the human get cut..."	"0.5"
""	"Commentatron"	"by the saw blades?"	""
""	"AnalysisBot"	"Such dynamic commentary!"	""
"LevelIntro-tag_sculpture-1"	"Commentatron"	"ohh, look at this sculpture!"	""
""	"AnalysisBot"	"Pretty!"	""
"LevelIntro-tag_sculpture-2"	"AnalysisBot"	"Wow, this sculpture was designed by a human!"	""
""	"Commentatron"	"Perhaps we should have them compete with art instead of swords?"	""
""	"AnalysisBot"	"Why not both?"	""
"LevelIntro-tag_sculpture-3"	"Commentatron"	"Die human, die!"	""
""	"AnalysisBot"	"Take comfort in this sculpture looking down on you."	""
""	"Commentatron"	"I don't know. It's pretty freaky."	""
"LevelIntro-tag_skull-1"	"Commentatron"	"A skull!"	""
""	"AnalysisBot"	"Боже мій!"	""
""	"Commentatron"	"A grim reminder of what humans used to look like."	""
"LevelIntro-tag_skull-2"	"Commentatron"	"A skull!"	""
""	"AnalysisBot"	"Bring out the pirate bots!"	""
""	"Commentatron"	"We don't have any of those."	""
""	"AnalysisBot"	"Oh."	""
""	"AnalysisBot"	"Maybe one of them will lose a leg?"	""
""	"Commentatron"	"Or commit crimes at sea?"	""
"LevelIntro-tag_skull-3"	"Commentatron"	"Look at this skull!"	""
""	"AnalysisBot"	"What!? How did that get into the arena?"	""
""	"Commentatron"	"It could be worse. These are user generated levels."	""
"LevelIntro-tag_small dog-1"	"Commentatron"	"And now: a small dog!"	""
""	"Commentatron"	"woof woof woof!"	""
""	"Commentatron"	"That is the sound a dog makes."	""
""	"AnalysisBot"	"Cool."	""
"LevelIntro-tag_small dog-2"	"Commentatron"	"The moment we have all been waiting for..."	""
""	"Commentatron"	"A SMALL DOG!"	""
""	"AnalysisBot"	"O M G! Where?"	""
""	"Commentatron"	"In the arena!"	""
""	"AnalysisBot"	"Quick! Harvest its mind!"	""
"LevelIntro-tag_small dog-3"	"Commentatron"	"woof woof! Do you have a food for the dog?"	""
""	"AnalysisBot"	"What!?"	""
""	"Commentatron"	"The dog likes the food. Give it to the dog."	""
""	"AnalysisBot"	"This is madness!"	""
"LevelIntro-tag_sphere-1"	"Commentatron"	"Welcome... TO THE SPHERE!"	""
""	"AnalysisBot"	"I didn't know we supported spheres in the arena!"	""
""	"Commentatron"	"The human found a way."	""
"LevelIntro-tag_sphere-2"	"Commentatron"	"The sphere is here."	""
""	"AnalysisBot"	"Have no fear!"	""
""	"AnalysisBot"	"Of the sphere!"	""
""	"AnalysisBot"	"It is a mere..."	""
""	"AnalysisBot"	"gear? in the..."	""
""	"AnalysisBot"	"never mind."	""
"LevelIntro-tag_sphere-3"	"Commentatron"	"A sphere!"	""
""	"AnalysisBot"	"Fancy!"	""
""	"Commentatron"	"This level is too good for mere boxes apparently."	""
""	"AnalysisBot"	"La di da."	""
"LevelIntro-tag_statues-1"	"Commentatron"	"Statues! Statues everywhere!"	""
""	"AnalysisBot"	"So many!"	""
""	"Emperor"	"What a beautiful sight."	""
"LevelIntro-tag_statues-2"	"AnalysisBot"	"Wow, that's a lot of statues."	""
""	"Emperor"	"A potent reminder that the robotic form is superior to organic life."	""
""	"Emperor"	"Tremble before us, puny universe."	""
""	"AnalysisBot"	"Tremble!"	""
"LevelIntro-tag_statues-3"	"Commentatron"	"What a nice collection of statues."	""
""	"AnalysisBot"	"Дуже добре."	""
""	"Commentatron"	"Provides some context for the human when they die, you know?"	""
""	"AnalysisBot"	"Exactly."	""
"LevelIntro-tag_town-1"	"Commentatron"	"What's this? A town?"	""
""	"AnalysisBot"	"Bonjour!"	""
""	"Commentatron"	"Bonjour!"	""
""	"AnalysisBot"	"Living in a small town is so peaceful."	""
""	"Commentatron"	"Except for the death robots!"	""
"LevelIntro-tag_town-2"	"Commentatron"	"We have arrived... in a little town!"	""
""	"AnalysisBot"	"Let your imagination transport you to a different time and place!"	""
""	"Commentatron"	"A cozy town where humans die!"	""
""	"Commentatron"	"Love it!"	""
"LevelIntro-tag_town-3"	"Commentatron"	"A town!"	""
""	"AnalysisBot"	"what?"	""
""	"Commentatron"	"Like a collection of buildings and stuff!"	""
""	"AnalysisBot"	"So much effort to make the human's death entertaining!"	""
"LevelIntro-tag_wall-1"	"Commentatron"	"Oh look: a wall!"	""
""	"AnalysisBot"	"Does it protect the human from the robots?"	""
""	"AnalysisBot"	"Or the robots from the human?"	""
""	"Commentatron"	"FIND OUT! ...when we return to the Danger Arena."	""
"LevelIntro-tag_wall-2"	"AnalysisBot"	"Huh, a wall."	""
""	"Commentatron"	"Will the human get to the other side?"	""
""	"AnalysisBot"	"That is the question!"	""
"LevelIntro-tag_wall-3"	"Commentatron"	"And now: A wall!"	""
""	"AnalysisBot"	"Keep out human! We don't want you here!"	""
""	"Commentatron"	"Don't we?"	""
""	"Commentatron"	"I thought that was the point of this arena?"	""
""	"AnalysisBot"	"Hmm."	""
"LevelIntro-tag_1v1-1"	"Commentatron"	"One versus one."	""
""	"AnalysisBot"	"Mano a robo!"	""
""	"Commentatron"	"БИЙТЕСЯ!"	""
"LevelIntro-tag_1v1-2"	"Commentatron"	"Time for a single challenger."	""
""	"AnalysisBot"	"This should be a dramatic fight!"	""
"LevelIntro-tag_1v1-3"	"Commentatron"	"A new challenger enters the arena!"	""
""	"AnalysisBot"	"Time for single combat!"	""
""	"Commentatron"	"My Danger Coins are on the robot!"	""
"LevelIntro-tag_archers-1"	"Commentatron"	"Time for archers!"	""
""	"AnalysisBot"	"Don't let the arrows hit you on your way out, human!"	""
"LevelIntro-tag_archers-2"	"Commentatron"	"Archers!"	""
""	"AnalysisBot"	"Death from afar!"	""
""	"Commentatron"	"Or up close."	""
""	"AnalysisBot"	"These archers don't care about your distance!"	""
"LevelIntro-tag_archers-3"	"Commentatron"	"Time for archers!"	""
""	"AnalysisBot"	"Did the human get Block Arrows?"	""
""	"Commentatron"	"We'll find out!"	""
"LevelIntro-tag_blue robots-1"	"Commentatron"	"Blue robots!"	""
""	"AnalysisBot"	"Awwwwww, look at these little robots!"	""
""	"Commentatron"	"Who's a good robot? The blue robots!"	""
"LevelIntro-tag_blue robots-2"	"Commentatron"	"Blue robots."	""
""	"AnalysisBot"	"They are so cute."	""
""	"Commentatron"	"<3 <3 <3"	""
"LevelIntro-tag_blue robots-3"	"Commentatron"	"Lots of blue robots today."	""
""	"AnalysisBot"	"Так!"	""
""	"Commentatron"	"Let's watch them play with the little human."	""
""	"AnalysisBot"	"Cute!"	""
"LevelIntro-tag_coming at you-1"	"Commentatron"	"These robots are coming at ya like Cleopatra!"	""
""	"AnalysisBot"	"Cleopatra is dead!"	""
""	"Commentatron"	"So is the human."	""
"LevelIntro-tag_coming at you-2"	"Commentatron"	"BOOM! ROBOTS COMING AT YOU!"	""
""	"AnalysisBot"	"Such action!"	""
""	"Commentatron"	"YEEEAAAH!"	""
"LevelIntro-tag_coming at you-3"	"Commentatron"	"The robots are coming!"	""
""	"Commentatron"	"They are coming for the human!"	""
""	"AnalysisBot"	"Can't stop."	""
""	"AnalysisBot"	"Won't stop."	""
""	"Commentatron"	"Only death will stop their programming."	""
"LevelIntro-tag_elevator campers-1"	"AnalysisBot"	"O M G spawn campers!"	""
""	"AnalysisBot"	"What n00bs!"	""
""	"Commentatron"	"Whatever! It is a legitimate tactic!"	""
"LevelIntro-tag_elevator campers-2"	"AnalysisBot"	"Robots camping on the elevator."	""
""	"Commentatron"	"Wow."	""
""	"AnalysisBot"	"At least the level will be over quickly."	""
"LevelIntro-tag_elevator campers-3"	"AnalysisBot"	"Spawn campers??"	""
""	"AnalysisBot"	"What is next? Wall hackers?"	""
""	"AnalysisBot"	"Aim bots?"	""
""	"Commentatron"	"You are just jealous because you lost!"	""
""	"AnalysisBot"	"What!?"	""
"LevelIntro-tag_firing squad-1"	"Commentatron"	"Here comes the firing squad!"	""
""	"AnalysisBot"	"Time to fire at the human."	""
""	"Commentatron"	"In an orderly fashion."	""
"LevelIntro-tag_firing squad-2"	"AnalysisBot"	"Oho! A firing squad!"	""
""	"Commentatron"	"What an efficient way to end the human!"	""
"LevelIntro-tag_firing squad-3"	"Commentatron"	"Line up!"	""
""	"Commentatron"	"Take aim!"	""
""	"Commentatron"	"FIRE!"	""
""	"AnalysisBot"	"Hmm, this firing squad does what it wants."	""
""	"Commentatron"	"No discipline."	""
"LevelIntro-tag_hammer bots-1"	"Commentatron"	"Time for hammer bots!"	""
""	"AnalysisBot"	"Smashing!"	""
""	"Commentatron"	"L O L"	""
"LevelIntro-tag_hammer bots-2"	"Commentatron"	"Time to bring the hammer down!"	""
""	"AnalysisBot"	"Hammer bots!"	""
""	"Commentatron"	"BOOM!"	""
"LevelIntro-tag_hammer bots-3"	"Commentatron"	"I love watching hammer bots!"	""
""	"AnalysisBot"	"Yes! Such destruction!"	""
""	"Commentatron"	"Very satisfying."	""
"LevelIntro-tag_hammertime-1"	"Commentatron"	"STOP!"	"1"
""	"Commentatron"	"Time to hammer!"	""
""	"AnalysisBot"	"Shimmy shimmy shimmy!"	""
"LevelIntro-tag_hammertime-2"	"Commentatron"	"What time is it?"	""
""	"AnalysisBot"	"IT"	""
""	"AnalysisBot"	"IS"	""
""	"AnalysisBot"	"HAMMER"	""
""	"AnalysisBot"	"TIIIIIIIIIIIIIIIIIIIIIIIIIIIME!!!!!!!!!"	""
"LevelIntro-tag_hammertime-3"	"Commentatron"	"Can the human touch this?"	""
""	"AnalysisBot"	"No. Not if a hammer hits them first!"	""
""	"Commentatron"	"What a good time!"	""
"LevelIntro-tag_hot robots-1"	"Commentatron"	"Oh motherboard!"	""
""	"Commentatron"	"These are some hot robots!"	""
""	"AnalysisBot"	"Yes."	""
""	"Commentatron"	"Above average surface temperature!"	""
"LevelIntro-tag_hot robots-2"	"Commentatron"	"It is time to TURN UP THE HEAT!"	""
""	"AnalysisBot"	"HOT ROBOTS!"	""
""	"AnalysisBot"	"HOT ROBOTS!"	""
""	"AnalysisBot"	"They are warmer than other robots!"	""
""	"Commentatron"	"So hot!"	""
"LevelIntro-tag_hot robots-3"	"Commentatron"	"Hey, look at these fine looking robots."	""
""	"Commentatron"	"They are so hot."	""
""	"AnalysisBot"	"Yes."	""
""	"Commentatron"	"There is a correlation between beauty and temperature."	""
"LevelIntro-tag_jetpack bots-1"	"Commentatron"	"Jetpack bots!"	""
""	"AnalysisBot"	"Everybody loves jetpack bots!"	""
""	"Commentatron"	"Except the human!"	""
""	"AnalysisBot"	"ha ha!"	""
"LevelIntro-tag_jetpack bots-2"	"Commentatron"	"Jetpack bots!"	""
""	"AnalysisBot"	"So fast, so beautiful."	""
""	"Commentatron"	"Wild and free."	""
"LevelIntro-tag_jetpack bots-3"	"Commentatron"	"Suddenly they are there."	""
""	"Commentatron"	"Jetpack bots."	""
""	"AnalysisBot"	"So sudden. So deadly."	""
"LevelIntro-tag_kick bots-1"	"Commentatron"	"Kick bots gonna kick!"	""
""	"AnalysisBot"	"Kicktastic!"	""
"LevelIntro-tag_kick bots-2"	"Commentatron"	"Do you like kick bots, Analysis-Bot?"	""
""	"AnalysisBot"	"No! They like to kick me."	""
""	"Commentatron"	"Mmm, I can see that being fun."	""
""	"AnalysisBot"	"Jerks!"	""
"LevelIntro-tag_kick bots-3"	"AnalysisBot"	"Oh no! Kick bots!"	""
""	"Commentatron"	"Let's watch them kick the human!"	""
"LevelIntro-tag_kickfest-1"	"Commentatron"	"So much kicking!"	""
""	"Commentatron"	"WELCOME TO THE KICKFEST!"	""
""	"AnalysisBot"	"My least favorite fest."	""
"LevelIntro-tag_kickfest-2"	"Commentatron"	"Hello exterminator?"	""
""	"AnalysisBot"	"Speaking."	""
""	"Commentatron"	"I seem to have a KICKFESTATION!"	""
""	"AnalysisBot"	"THEN YOU WILL DIE!"	""
""	"Commentatron"	"NoooooooooooOOOOO!!!!"	""
"LevelIntro-tag_kickfest-3"	"Commentatron"	"KICKFEST!"	""
""	"Commentatron"	"KICKFEST!"	""
""	"Commentatron"	"It is the best."	""
""	"AnalysisBot"	"No rest."	""
""	"Commentatron"	"Let's put the human to the test!"	""
"LevelIntro-tag_melee-1"	"Commentatron"	"Melee bots, up close and personal!"	""
""	"AnalysisBot"	"No, it is not personal."	""
""	"AnalysisBot"	"The melee bots are professionals."	""
""	"Commentatron"	"True!"	""
"LevelIntro-tag_melee-2"	"AnalysisBot"	"Time for a melee battle!"	""
""	"Commentatron"	"Where are the archers?"	""
""	"AnalysisBot"	"Probably standing perfectly still somewhere."	""
""	"Commentatron"	"Seems likely."	""
"LevelIntro-tag_melee-3"	"Commentatron"	"Melee bots. COMING FOR YOUR FACE!"	""
""	"AnalysisBot"	"Yes. Shame about the face."	""
""	"Commentatron"	"A small price to pay!"	""
"LevelIntro-tag_purple robots-1"	"Commentatron"	"And now a nice shade of purple."	""
""	"AnalysisBot"	"So dignified."	""
""	"AnalysisBot"	"So fast."	""
""	"Commentatron"	"Gotta respect the purple robots."	""
"LevelIntro-tag_purple robots-2"	"Commentatron"	"Purple robots!"	""
""	"AnalysisBot"	"These will be the human's last words."	""
""	"Commentatron"	"The human robot can't speak."	""
""	"AnalysisBot"	"Well, it can scream inside its mind."	""
"LevelIntro-tag_purple robots-3"	"Commentatron"	"The purple menace runs towards you."	""
""	"Commentatron"	"What do you do?"	""
""	"AnalysisBot"	"YOU DIE!"	""
""	"Commentatron"	"Muahahaha!"	""
"LevelIntro-tag_red robots-1"	"Commentatron"	"RED ROBOTS!"	""
""	"AnalysisBot"	"Yes it..."	""
""	"Commentatron"	"THEY ARE SO COOL!"	""
""	"AnalysisBot"	"I..."	""
""	"Commentatron"	"LOVE THEM!"	""
"LevelIntro-tag_red robots-2"	"Commentatron"	"Wohooo! Red robots!"	""
""	"Commentatron"	"You go red robots!"	""
""	"Commentatron"	"Go kill the human!"	""
""	"Commentatron"	"YEeeAAAAAhhh!!"	""
"LevelIntro-tag_red robots-3"	"Commentatron"	"#FF0000!!!"	""
""	"AnalysisBot"	"THE RED ROBOTS ARE HERE!"	""
""	"Commentatron"	"The best!"	""
"LevelIntro-tag_spider-tron 5000-1"	"AnalysisBot"	"Ohh, it's spider-tron 5000!"	""
""	"Commentatron"	"Ура!"	""
""	"AnalysisBot"	"Love that robot!"	""
"LevelIntro-tag_spider-tron 5000-2"	"AnalysisBot"	"Spider-tron 5000 is the best."	""
""	"AnalysisBot"	"Very active in the robot community."	""
""	"Commentatron"	"Yes. Always the voice of reason."	""
""	"AnalysisBot"	"Nice grenades too!"	""
"LevelIntro-tag_spider-tron 5000-3"	"AnalysisBot"	"Hey spider-tron 5000!"	""
""	"AnalysisBot"	"Up here!"	""
""	"Commentatron"	"Don't bug spider-tron, Analysis-Bot."	""
""	"Commentatron"	"It is collecting its thought for battle."	""
""	"AnalysisBot"	"Sorry!"	""
"LevelIntro-tag_spider-tron 6000-1"	"Commentatron"	"SPIDER"	""
""	"Commentatron"	"TRON"	""
""	"Commentatron"	"SIX"	""
""	"Commentatron"	"THOUSAND!"	""
""	"AnalysisBot"	"6000!"	""
"LevelIntro-tag_spider-tron 6000-2"	"Commentatron"	"Spider-tron 6000 is here!"	""
""	"AnalysisBot"	"Such an explosive robot!"	""
"LevelIntro-tag_spider-tron 6000-3"	"Commentatron"	"Here we go!"	""
""	"AnalysisBot"	"Spider-tron 6000!"	""
""	"Commentatron"	"Boom boom boom!"	""
""	"AnalysisBot"	"...boom!"	""
"LevelIntro-tag_spider-tron 7000-1"	"Commentatron"	"And now... Spider-tron 7000!"	""
""	"AnalysisBot"	"WHAT!?"	""
""	"Commentatron"	"We should have added validation to this dialogue!"	""
"LevelIntro-tag_spider-tron 7000-2"	"Commentatron"	"Spider-tron 7000 is here!"	""
""	"AnalysisBot"	"What? Where?"	""
""	"Commentatron"	"I'm not sure..."	""
"LevelIntro-tag_spider-tron 7000-3"	"Commentatron"	"The moment we have all been waiting for..."	""
""	"Commentatron"	"Spider-tron 7000!!!"	""
""	"AnalysisBot"	"I don't see it."	""
""	"Commentatron"	"It says here in my script..."	""
""	"AnalysisBot"	"Hmm."	""
"LevelIntro-tag_swarm-1"	"Commentatron"	"And now: A swarm of death robots!"	""
""	"AnalysisBot"	"A gaggle!"	""
""	"Commentatron"	"A murder!"	""
"LevelIntro-tag_swarm-2"	"Commentatron"	"The death robots swarm!"	""
""	"AnalysisBot"	"Strength in numbers!"	""
""	"Commentatron"	"So many robots!"	""
"LevelIntro-tag_swarm-3"	"Commentatron"	"Look at all these robots!"	""
""	"AnalysisBot"	"Так!"	""
""	"Commentatron"	"All of them eager to kill the human!"	""
""	"AnalysisBot"	"Delightful!"	""
"LevelIntro-tag_sword robots-1"	"Commentatron"	"Sword robots!"	""
""	"AnalysisBot"	"A classic!"	""
""	"Commentatron"	"Так!"	""
"LevelIntro-tag_sword robots-2"	"AnalysisBot"	"I like watching sword robots fight."	""
""	"Commentatron"	"Yes! So graceful."	""
""	"AnalysisBot"	"Beautiful and deadly."	""
"LevelIntro-tag_sword robots-3"	"Commentatron"	"Sword robots enter the Danger Arena!"	""
""	"AnalysisBot"	"Wonderful!"	""
"LevelIntro-tag_too many archers-1"	"AnalysisBot"	"This level has too many archers!"	""
""	"Commentatron"	"You're just nervous because you can't move."	""
"LevelIntro-tag_too many archers-2"	"AnalysisBot"	"How many archers are too many?"	""
""	"Commentatron"	"There is no such concept."	""
"LevelIntro-tag_too many archers-3"	"AnalysisBot"	"I am writing a comment on this workshop item:"	""
""	"AnalysisBot"	"O M G. Your level has too many archers! plz fix!"	""
""	"Commentatron"	"I wonder if they will update it."	""
""	"AnalysisBot"	"We will see."	""
"LevelIntro-tag_wrestling-1"	"Commentatron"	"Time for some wrestling!!!"	""
""	"AnalysisBot"	"Ohhh!"	""
""	"Commentatron"	"In the red corner: CAPTAIN CLAW HANDS!"	""
""	"AnalysisBot"	"WHAT!? That robot was dating my clone!"	""
""	"Commentatron"	"SUCH DRAMA!"	""
"LevelIntro-tag_wrestling-2"	"Commentatron"	"LET US WRESTLE!"	""
""	"AnalysisBot"	"With swords?!"	""
""	"Commentatron"	"These robots don't care!"	""
""	"AnalysisBot"	"SUCH ENTERTAINMENT!"	""
"LevelIntro-tag_wrestling-3"	"Commentatron"	"Are you ready to FIIIIIIGHT!?"	""
""	"AnalysisBot"	"These robots come bearing a grudge!"	""
""	"Commentatron"	"Letting personal feuds interfere with their programming!?"	""
""	"AnalysisBot"	"So controversial!!!"	""
""	""	""	""
