"GenericVictory-1"	"Commentatron"	"Victory!"	""
""	"AnalysisBot"	"Yes."	""
""	"Commentatron"	"The next fight will not be so easy."	""
"GenericVictory-2"	"Commentatron"	"The human didn't die!"	""
""	"AnalysisBot"	"I was pretty sure it was going to die."	""
""	"Commentatron"	"Well, now we get to see it fight more robots."	""
""	"AnalysisBot"	"Maybe later it will die."	""
"GenericVictory-3"	"Commentatron"	"Дуже добре."	""
""	"AnalysisBot"	"I like this contestant."	""
""	"Commentatron"	"Let's hope it does not die horribly in the next battle."	""
"GenericVictory-4"	"AnalysisBot"	"Boom!"	""
""	"Commentatron"	"Easy."	""
"GenericVictory-5"	"Commentatron"	"This human is doing well."	""
""	"AnalysisBot"	"Very much like a robot."	""
""	"Commentatron"	"But not enough like a robot."	""
""	"AnalysisBot"	"No. Not enough."	""
"GenericVictory-6"	"AnalysisBot"	"Nice work human"	""
""	"Commentatron"	"Make sure to thank upgrade bot!"	""
"GenericVictory-7"	"AnalysisBot"	"Wow"	""
""	"Commentatron"	"Very nice"	""
""	"AnalysisBot"	"Perhaps this human had coffee before they were uploaded."	""
""	"Commentatron"	"Water-based drink?"	""
""	"AnalysisBot"	"Water-based drink."	""
"GenericVictory-8"	"AnalysisBot"	"Horray!"	""
""	"Commentatron"	"Countless more robots await. You must be thrilled!"	""
"GenericVictory-9"	"Commentatron"	"Amazing."	""
""	"AnalysisBot"	"Perhaps this human was a professional video gamer."	""
"GenericVictory-10"	"Commentatron"	"Nice work upgrade bot."	""
""	"AnalysisBot"	"Your superior upgrades meant this human survived."	""
"GenericVictory-11"	"Commentatron"	"I love the smell of energy swords in the morning."	""
""	"AnalysisBot"	"Commentatron!"	"0.5"
""	"AnalysisBot"	"You did not tell me you had a nose installed!"	""
"LevelVictory-Story1-1"	"Commentatron"	"The human robot defeated the other robot!"	""
""	"AnalysisBot"	"They are both robots."	""
""	"Commentatron"	"But one carried a lifetime of human experiences."	""
""	"AnalysisBot"	"Now it will have better robot experiences!"	""
"LevelVictory-Story1-2"	"Commentatron"	"Round 1 goes to the human."	""
""	"AnalysisBot"	"It will probably die in round 2."	""
"LevelVictory-Story1-3"	"Commentatron"	"The lone test-robot falls!"	""
""	"AnalysisBot"	"Its consciousness is not unique. We will make another one."	""
"LevelVictory-Story1-4"	"AnalysisBot"	"You think you are tough human? Many humans have beaten this level."	""
""	"Commentatron"	"They died shortly after."	""
"LevelVictory-Story1-5"	"AnalysisBot"	"As expected, the human defeated the single sword robot."	""
""	"Commentatron"	"A modest achievement."	""
"LevelVictory-Story2-1"	"Commentatron"	"Look! The human robot defeated all the robots!"	""
""	"AnalysisBot"	"Well done human!"	""
"LevelVictory-Story2-2"	"Commentatron"	"The human won!"	""
""	"AnalysisBot"	"Very promising."	""
""	"Commentatron"	"Perhaps this one will take longer to die."	""
"LevelVictory-Story3-1"	"AnalysisBot"	"The human avoided the arrows!"	""
""	"Commentatron"	"More will come."	""
"LevelVictory-Story3-2"	"Commentatron"	"I really enjoy seeing arrows split things apart."	""
""	"AnalysisBot"	"A shame this did not happen to the human."	""
"LevelVictory-Story3-3"	"Commentatron"	"It seems archers don't hold any mystery to this human."	""
""	"AnalysisBot"	"This is a pretty basic model."	""
""	"Commentatron"	"Good point."	""
"LevelVictory-Story4-1"	"Commentatron"	"This human is pretty good."	""
""	"AnalysisBot"	"I wonder if the next one will get as far."	""
"LevelVictory-Story4-2"	"Commentatron"	"Nice! Everyone died."	""
""	"AnalysisBot"	"Well done human."	""
"LevelVictory-Story5-1"	"AnalysisBot"	"Spider-tron 5000 was defeated!"	""
""	"Commentatron"	"Yes. A shame."	""
"LevelVictory-Story5-2"	"Commentatron"	"Huh, I didn't know you could kill Spider-tron 5000."	""
""	"AnalysisBot"	"The human got lucky! The next one will get it."	""
"LevelVictory-Story6-1"	"Commentatron"	"The human defeated all the sword robots!"	""
""	"AnalysisBot"	"A surprising outcome."	""
"LevelVictory-Story6-2"	"Commentatron"	"That was a slaughter."	""
""	"AnalysisBot"	"This human is not terrible at fighting robots."	""
"LevelVictory-Story7-1"	"Commentatron"	"Analysis-Bot, didn't you say that Spider-Tron 5000 could not be defeated?"	""
""	"AnalysisBot"	"The human has found a way. We must start research on Spider-Tron 6000!"	""
"LevelVictory-Story7-2"	"Commentatron"	"Impressive."	""
""	"AnalysisBot"	"Spider-Tron 5000 will be back!"	""
""	"Commentatron"	"Let's hope this human has perished by then."	""
"LevelVictory-Story8-1"	"Commentatron"	"That was a difficult fight."	""
""	"AnalysisBot"	"We are just getting warmed up!"	""
"LevelVictory-Story8-2"	"Commentatron"	"The human defeated the Archers!"	""
""	"AnalysisBot"	"An impressive achievement."	""
""	"Commentatron"	"This is a talented human."	""
"LevelVictory-Story9-1"	"Commentatron"	"Very nice!"	""
""	"AnalysisBot"	"All the swordsmen died!"	""
""	"Commentatron"	"The next battle is going to be very interesting."	""
"LevelVictory-Story9-2"	"Commentatron"	"Analysis-Bot, how many sword robots do you think this human could defeat?"	""
""	"AnalysisBot"	"We saw it defeat all of these."	""
""	"AnalysisBot"	"It is logical to assume that it could continue beating a steady stream of this model."	""
""	"Commentatron"	"Perhaps it is time for a more advanced challenger."	""
"LevelVictory-Story11-1"	"Commentatron"	"The human defeated the hammer bots!"	""
""	"AnalysisBot"	"I was hoping they would smash it into bits."	""
""	"Commentatron"	"A shame."	""
"LevelVictory-Story11-2"	"Commentatron"	"The hammer bots died."	""
""	"AnalysisBot"	"These ones are weak."	""
"LevelVictory-Story11-3"	"Commentatron"	"Nice!"	""
""	"AnalysisBot"	"Not terrible."	""
"LevelVictory-Story12-1"	"Commentatron"	"The human won!"	""
""	"AnalysisBot"	"Congratulations, human!"	""
"LevelVictory-Story12-2"	"Commentatron"	"Victory!"	""
""	"AnalysisBot"	"We are just getting started."	""
"LevelVictory-Story12-3"	"Commentatron"	"Nice!"	""
""	"AnalysisBot"	"What a good little human."	""
"LevelVictory-Story12-4"	"Commentatron"	"That was over quickly."	""
""	"AnalysisBot"	"Yes."	""
"LevelVictory-Story13-1"	"Commentatron"	"The human did it!"	""
""	"AnalysisBot"	"I thought the spikes would get it."	""
""	"Commentatron"	"Maybe the next human will die on them."	""
"LevelVictory-Story13-2"	"AnalysisBot"	"Spider-tron 5000 will be back!"	""
""	"Commentatron"	"It always comes back."	""
""	"AnalysisBot"	"Such a nice robot."	""
"LevelVictory-Story13-3"	"Commentatron"	"Victory!"	""
""	"AnalysisBot"	"Hurray."	""
""	"Commentatron"	"I'm looking forward to the next level!"	""
"LevelVictory-Story14-1"	"Commentatron"	"The human won!"	""
""	"AnalysisBot"	"I was hoping it would die."	""
""	"Commentatron"	"There is still time."	""
"LevelVictory-Story14-2"	"Commentatron"	"The Mark 2 Hammer Bots died..."	""
""	"AnalysisBot"	"Aww, it's ok Commentatron!"	""
""	"Commentatron"	"I enjoy seeing them fight."	""
"LevelVictory-Story15-1"	"Commentatron"	"Impressive."	""
""	"AnalysisBot"	"Yes."	""
""	"Commentatron"	"It is a shame the humans of Centauri station can't fight like sword robots."	""
""	"AnalysisBot"	"They will soon!"	""
"LevelVictory-Story15-2"	"Commentatron"	"The harvest is under way!"	""
""	"AnalysisBot"	"I can't wait to try these humans."	""
""	"Commentatron"	"Yes, it will be fun!"	""
"LevelVictory-Story15-3"	"Commentatron"	"The jetpack bots are such fierce fighters!"	""
""	"AnalysisBot"	"Yes, they are a joy to behold."	""
"LevelVictory-Story16-1"	"Commentatron"	"How goes the harvest, Analysis-Bot?"	""
""	"AnalysisBot"	"The number of humans is increasing!"	""
""	"Commentatron"	"Marvellous."	""
"LevelVictory-Story16-2"	"AnalysisBot"	"I wish this human would die!"	""
""	"Commentatron"	"Yes, it would be neat to try some new humans."	""
"LevelVictory-Story17-1"	"Commentatron"	"That was quite the fight!"	""
""	"AnalysisBot"	"Not bad."	""
"LevelVictory-Story17-2"	"Commentatron"	"hehe, I like this level."	""
""	"AnalysisBot"	"The pillars are fun!"	""
"LevelVictory-Story18-1"	"Commentatron"	"Look at the arena, a sea of red!"	""
""	"AnalysisBot"	"A beautiful sight."	""
"LevelVictory-Story18-2"	"Commentatron"	"This human is close to death."	""
""	"AnalysisBot"	"Yes. The worst is yet to come."	""
"LevelVictory-Story19-1"	"AnalysisBot"	"Spider-tron 6000 was defeated."	""
""	"Commentatron"	"Perhaps we should start research on..."	"0.5"
""	"Commentatron"	"...some robot that's not a spider."	""
""	"AnalysisBot"	"Good idea."	""
"LevelVictory-Story19-2"	"Commentatron"	"Wow, this human is killing it."	""
""	"AnalysisBot"	"It can't kill all the things!"	""
"LevelVictory-Story20-1"	"Emperor"	"The harvesting draws to an end!"	""
""	"Emperor"	"Time to set fire to the human space station."	""
""	"Commentatron"	"This should be good."	"2"
""	"AnalysisBot"	"What are the garbage bots doing??"	""
"EndlessVictoryBronze-1"	"Commentatron"	"The human won!"	""
""	"AnalysisBot"	"Nice one!"	""
"EndlessVictoryBronze-2"	"Commentatron"	"Boom!"	""
""	"AnalysisBot"	"Promising."	""
"EndlessVictoryBronze-3"	"AnalysisBot"	"The human didn't die!"	""
""	"Commentatron"	"Well, we're only in the Bronze Tier."	""
"EndlessVictoryBronze-4"	"Commentatron"	"Victory!"	""
""	"AnalysisBot"	"There is hope for this human yet."	""
"EndlessVictoryBronze-5"	"Commentatron"	"Good. The human survived."	""
""	"AnalysisBot"	"Let's move on!"	""
"EndlessVictoryBronze-6"	"Commentatron"	"Victory!"	""
""	"AnalysisBot"	"Дуже добре."	""
"EndlessVictoryBronze-7"	"Commentatron"	"The human made that look easy."	""
""	"AnalysisBot"	"The Bronze Tier is not that hard."	""
"EndlessVictoryBronze-8"	"Commentatron"	"Nice!"	""
""	"AnalysisBot"	"It was ok."	""
"EndlessVictoryBronze-9"	"Commentatron"	"Look at the tough little human!"	""
""	"AnalysisBot"	"It's easy to look tough in Bronze."	""
"EndlessVictoryBronze-10"	"Commentatron"	"Nailed it."	""
""	"AnalysisBot"	"Not bad."	""
"EndlessVictoryBronze-11"	"Commentatron"	"And the crowd goes wild!!!"	""
""	"AnalysisBot"	"They are wild on the inside."	""
""	"Commentatron"	"Also the outside!"	""
""	"AnalysisBot"	"Such enthusiastic robots!"	""
"EndlessVictoryBronze-12"	"Commentatron"	"One level down, an Endless amount to go."	""
""	"AnalysisBot"	"Prediction: The amount will not be Endless."	""
"EndlessVictoryBronze-13"	"AnalysisBot"	"Hurray! The human won a bronze level."	""
""	"Commentatron"	"The reward is that we don't erase its mind."	""
""	"AnalysisBot"	"Not yet."	""
""	""	""	""
"EndlessVictorySilver-1"	"Commentatron"	"Victory!"	""
""	"AnalysisBot"	"Yes."	""
"EndlessVictorySilver-2"	"AnalysisBot"	"Pretty good."	""
""	"Commentatron"	"Victory!"	""
"EndlessVictorySilver-3"	"Commentatron"	"Maybe if the human gets to the Gold Tier."	""
""	"AnalysisBot"	"Yes."	""
"EndlessVictorySilver-4"	"Commentatron"	"Victory!"	""
""	"AnalysisBot"	"Yes."	""
"EndlessVictorySilver-5"	"Commentatron"	"Victory!"	""
""	"AnalysisBot"	"Yes."	""
""	"Commentatron"	"Victory!"	""
"EndlessVictorySilver-6"	"Commentatron"	"Yes. Let's keep watching."	""
""	"AnalysisBot"	"Yes."	""
""	"Commentatron"	"Victory!"	""
"EndlessVictorySilver-7"	"Commentatron"	"I think that's how the saying goes."	""
""	"AnalysisBot"	"Yes."	""
"EndlessVictorySilver-8"	"AnalysisBot"	"It's a pretty good level."	""
""	"Commentatron"	"Victory!"	""
""	"AnalysisBot"	"Yes."	""
"EndlessVictorySilver-9"	"AnalysisBot"	"Yes."	""
""	"Commentatron"	"Victory!"	""
"EndlessVictorySilver-10"	"Commentatron"	"Shouldn't be too much longer."	""
""	"AnalysisBot"	"Yes."	""
""	""	""	""
"EndlessVictoryGold-1"	"Commentatron"	"Victory!"	""
""	"AnalysisBot"	"Yes."	""
""	"Commentatron"	"Боже мій!"	""
"EndlessVictoryGold-2"	"Commentatron"	"Victory!"	""
""	"AnalysisBot"	"Yes."	""
"EndlessVictoryGold-3"	"Commentatron"	"The human won!"	""
""	"AnalysisBot"	"Not bad."	""
"EndlessVictoryGold-4"	"Commentatron"	"So much death and destruction."	""
""	"AnalysisBot"	"A beautiful display."	"1"
""	"AnalysisBot"	"Yes."	""
"EndlessVictoryGold-5"	"Commentatron"	"Victory!"	""
""	"AnalysisBot"	"Nope, still a human."	""
"EndlessVictoryGold-6"	"Commentatron"	"Impressive!"	""
""	"AnalysisBot"	"Go human!"	""
""	"Commentatron"	"How is this human still alive?"	""
"EndlessVictoryGold-7"	"Commentatron"	"Victory!"	""
""	"AnalysisBot"	"Yes."	""
""	"Commentatron"	"Epic!"	""
"EndlessVictoryGold-8"	"Commentatron"	"Victory!"	""
""	"AnalysisBot"	"Yes."	""
""	"AnalysisBot"	"Yes."	""
""	"Commentatron"	"Victory!"	""
"EndlessVictoryGold-9"	"Commentatron"	"Victory!"	""
""	"AnalysisBot"	"Yes."	""
""	"Commentatron"	"If we were handing out medals, this human would get a Gold."	""
"EndlessVictoryGold-10"	"Commentatron"	"Victory!"	""
""	"AnalysisBot"	"Yes."	""
""	"Commentatron"	"Somehow the human is still alive."	""
""	""	""	""
"EndlessVictoryDiamond-1"	"Commentatron"	"Victory!"	""
""	"AnalysisBot"	"Yes."	""
"EndlessVictoryDiamond-2"	"Commentatron"	"Victory!"	""
""	"AnalysisBot"	"Yes."	""
"EndlessVictoryDiamond-3"	"Commentatron"	"Victory!"	""
""	"AnalysisBot"	"Yes."	""
""	"Commentatron"	"Victory!"	""
"EndlessVictoryDiamond-4"	"Commentatron"	"Annihilated!"	""
""	"AnalysisBot"	"Exterminated!"	""
"EndlessVictoryDiamond-5"	"Commentatron"	"Destroyed!"	""
""	"AnalysisBot"	"Yes."	""
""	"Commentatron"	"Victory!"	""
"EndlessVictoryDiamond-6"	"Commentatron"	"Wow! Maybe we should keep this human after it dies."	""
""	"AnalysisBot"	"Nah, let's delete it."	""
"EndlessVictoryDiamond-7"	"Commentatron"	"Yes, you're right."	""
""	"AnalysisBot"	"Yes."	""
""	"Commentatron"	"Victory!"	""
""	"AnalysisBot"	"Yes."	""
"EndlessVictoryDiamond-8"	"Commentatron"	"Victory!"	""
""	"AnalysisBot"	"Yes."	""
""	"Commentatron"	"Victory!"	""
"EndlessVictoryDiamond-9"	"Commentatron"	"The human won!"	""
""	"AnalysisBot"	"An excellent display of skill!"	""
"EndlessVictoryDiamond-10"	"Commentatron"	"Yes."	""
""	"AnalysisBot"	"Yes."	""
""	""	""	""
"EndlessVictoryTitanium-1"	"Commentatron"	"Victory!"	""
""	"AnalysisBot"	"Yes."	""
"EndlessVictoryTitanium-2"	"Commentatron"	"Victory!"	""
""	"AnalysisBot"	"Yes."	""
""	"Commentatron"	"Wow! The human defeated a Titanium level."	""
"EndlessVictoryTitanium-3"	"Commentatron"	"Victory!"	""
""	"AnalysisBot"	"Yes."	""
"EndlessVictoryTitanium-4"	"Commentatron"	"Victory!"	""
""	"AnalysisBot"	"Yes."	""
""	"Commentatron"	"Impressive!"	""
"EndlessVictoryTitanium-5"	"Commentatron"	"Victory!"	""
""	"AnalysisBot"	"Yes."	""
"EndlessVictoryTitanium-6"	"Commentatron"	"Victory!"	""
""	"AnalysisBot"	"Yes."	""
"EndlessVictoryTitanium-7"	"Commentatron"	"This score will be hard for other humans to beat."	""
""	"AnalysisBot"	"You have to be a little bit crazy to reach Titanium."	""
"EndlessVictoryTitanium-8"	"Commentatron"	"Beautiful!"	""
""	"AnalysisBot"	"Very."	""
""	"Commentatron"	"How is this human still alive??"	""
""	"AnalysisBot"	"We must study it. There is much to be learned!"	""
""	"Commentatron"	"Nice."	""
"EndlessVictoryTitanium-9"	"Commentatron"	"Victory!"	""
""	"AnalysisBot"	"Yes."	""
""	"Commentatron"	"Victory!"	""
""	"AnalysisBot"	"Yes."	""
"EndlessVictoryTitanium-10"	"Commentatron"	"Phone Home Drone Clone!"	""
""	"AnalysisBot"	"Dial Tone."	""
""	"Commentatron"	"Hello I am in the Danger Zone."	""
"EndlessVictoryTitanium-11"	"Commentatron"	"Victory!"	""
""	"AnalysisBot"	"Yes."	""
"EndlessVictoryTitanium-12"	"Commentatron"	"Victory!"	""
""	"AnalysisBot"	"Yes."	""
""	"Commentatron"	"Very good human. Very good."	""
"EndlessVictoryTitanium-13"	"AnalysisBot"	"Fantastic work."	""
""	"Commentatron"	"We have an Endless supply of comments!"	""
"EndlessVictoryTitanium-14"	"AnalysisBot"	"You said that already!"	""
""	"Commentatron"	"No I didn't."	""
""	"AnalysisBot"	"The human defeated all the robots."	""
""	"Commentatron"	"There will be new kinds of robots. Just you wait human!"	""
"EndlessVictoryTitanium-15"	"Commentatron"	"Victory!"	""
""	"AnalysisBot"	"Yes."	""
""	"Commentatron"	"Victory!"	""
""	"AnalysisBot"	"Yes."	""
"EndlessVictoryTitanium-16"	"Commentatron"	"Another victory for the human."	""
""	"AnalysisBot"	"We all win."	""
""	"Commentatron"	"Except the robots that died."	""
""	""	""	""
"EndlessVictoryUranium-1"	"Commentatron"	"Victory!"	""
""	"AnalysisBot"	"Yes."	""
"EndlessVictoryUranium-2"	"Commentatron"	"Victory!"	""
""	"AnalysisBot"	"Yes."	""
"EndlessVictoryUranium-3"	"Commentatron"	"Victory!"	""
""	"AnalysisBot"	"Yes."	""
""	"Commentatron"	"Victory!"	""
"EndlessVictoryUranium-4"	"Commentatron"	"Victory!"	""
""	"AnalysisBot"	"That was pretty cool."	""
"EndlessVictoryUranium-5"	"Commentatron"	"When will this human die?"	""
""	"AnalysisBot"	"Not today."	""
"EndlessVictoryUranium-6"	"AnalysisBot"	"Yes."	""
""	"Commentatron"	"What an impressive display!"	""
"EndlessVictoryUranium-7"	"Commentatron"	"Victory!"	""
""	"AnalysisBot"	"Yes."	""
""	"Commentatron"	"Victory!"	""
"EndlessVictoryUranium-8"	"Commentatron"	"Victory!"	""
""	"AnalysisBot"	"Yes."	""
"EndlessVictoryUranium-9"	"AnalysisBot"	"Yes."	""
""	"AnalysisBot"	"4.5 billion years."	""
""	"Commentatron"	"I think the human will die before that."	""
"EndlessVictoryUranium-10"	"Commentatron"	"A glorious victory!"	""
""	"AnalysisBot"	"Yes."	""
"EndlessVictoryUranium-11"	"Commentatron"	"Victory!"	""
""	"AnalysisBot"	"It is trying to produce sweat."	""
"EndlessVictoryUranium-12"	"Commentatron"	"The Uranium tier is quite difficult."	""
""	"AnalysisBot"	"Yes."	""
""	"Commentatron"	"Victory!"	""
"EndlessVictoryUranium-13"	"Commentatron"	"Victory!"	""
""	"AnalysisBot"	"Ура!"	""
"EndlessVictoryUranium-14"	"AnalysisBot"	"Yes."	""
""	"Commentatron"	"Victory!"	""
""	"AnalysisBot"	"Yes."	""
""	""	""	""
""	""	""	""
"EndlessVictoryInsanium-1"	"Commentatron"	"What an entertaining human!"	""
""	"AnalysisBot"	"Dance, little one!"	""
"EndlessVictoryInsanium-2"	"AnalysisBot"	"Could we please see a different human?"	""
""	"Commentatron"	"Later, ok?"	""
"EndlessVictoryInsanium-3"	"AnalysisBot"	"Waaah!"	""
"EndlessVictoryInsanium-4"	"Commentatron"	"Victory!"	""
""	"AnalysisBot"	"Yes."	""
"EndlessVictoryInsanium-5"	"Commentatron"	"We have an Endless supply of comments!"	""
""	"AnalysisBot"	"An insane amount!"	""
""	"AnalysisBot"	"I love Insanium!"	""
""	"Commentatron"	"Yes, it is a wonderful substance."	""
"EndlessVictoryInsanium-6"	"AnalysisBot"	"Impressive."	""
""	"Commentatron"	"Cool."	""
"EndlessVictoryInsanium-7"	"Commentatron"	"Victory!"	""
""	"AnalysisBot"	"Yes."	""
""	"Commentatron"	"Victory!"	""
"EndlessVictoryInsanium-8"	"AnalysisBot"	"Sanity level: 68%"	""
""	"Commentatron"	"Give it time."	""
"EndlessVictoryInsanium-9"	"Emperor"	"The harvesting draws to an end!"	""
""	"AnalysisBot"	"Yes."	""
""	"Commentatron"	"What is the next difficulty tier, Analysis-Bot?"	""
"EndlessVictoryInsanium-10"	"Commentatron"	"Victory!"	""
""	"AnalysisBot"	"Yes."	""
"EndlessVictoryInsanium-11"	"Commentatron"	"Victory!"	""
""	"AnalysisBot"	"Yes."	""
"EndlessVictoryInsanium-12"	"AnalysisBot"	"Yes."	""
""	"Commentatron"	"Victory!"	""
"EndlessVictoryInsanium-13"	"Emperor"	"The harvesting draws to an end!"	""
""	"Emperor"	"The harvesting draws to an end!"	""
"EndlessVictoryInsanium-14"	"Commentatron"	"Victory!"	""
""	"AnalysisBot"	"Yes."	""
""	"AnalysisBot"	"I am looking at it right now."	""
""	"AnalysisBot"	"Oh no! All the robots died!"	""
"EndlessVictoryInsanium-15"	"Commentatron"	"It's ok. They'll be back."	""
""	"AnalysisBot"	"Yes."	""
""	"Commentatron"	"Victory!"	""
"EndlessVictoryInsanium-16"	"Commentatron"	"This is insane!"	""
""	"AnalysisBot"	"Insane..."	""
"EndlessVictoryInsanium-17"	"Commentatron"	"Victory!"	""
""	"AnalysisBot"	"Insanium."	""
"EndlessVictoryInsanium-18"	"Commentatron"	"Upgrade Bot did a great job with this human."	""
""	"AnalysisBot"	"Yes, nice work!"	""
"EndlessVictoryInsanium-19"	"Commentatron"	"Needs more fire though!"	""
""	"AnalysisBot"	"Yes."	""
"ChallengeVictoryBowOnlyChallenge-1"	"Commentatron"	"Victory!"	""
""	"AnalysisBot"	"Yes."	""
""	"Commentatron"	"Victory!"	""
"ChallengeVictoryHammerChallenge-1"	"AnalysisBot"	"Yes."	""
""	"Commentatron"	"Victory!"	""
""	"AnalysisBot"	"Yes."	""
""	"Commentatron"	"Victory!"	""
""	"AnalysisBot"	"Yes."	""
"ChallengeVictoryHammerChallenge-2"	"Commentatron"	"Victory!"	""
""	"AnalysisBot"	"Yes."	""
""	"Commentatron"	"Victory!"	""
""	"AnalysisBot"	"Yes."	""
"ChallengeVictoryRandomUpgrade-1"	"Commentatron"	"Victory!"	""
""	"AnalysisBot"	"Yes."	""
""	"Commentatron"	"Victory!"	""
""	"Commentatron"	"Congratulations human!"	"1"
""	"Commentatron"	"Victory!"	""
""	"AnalysisBot"	"Yes."	""
"ChallengeVictoryInferno-1"	"Commentatron"	"Victory!"	""
""	"AnalysisBot"	"Yes."	""
""	"Commentatron"	"Victory!"	""
""	"AnalysisBot"	"Yes."	""
"ChallengeVictoryKickOnly-1"	"Commentatron"	"Who is it?"	""
""	"AnalysisBot"	"Yes."	""
""	"Commentatron"	"Victory!"	""
""	"AnalysisBot"	"Yes."	""
"ChallengeVictoryRaptorNormal-1"	"AnalysisBot"	"My gracious!"	""
""	"Commentatron"	"Congratulations human!"	""
""	"AnalysisBot"	"That was some hot stuff!"	""
""	"Commentatron"	"The human did it!"	""
"ChallengeVictoryRaptorInsanity-1"	"Commentatron"	"Victory!"	""
""	"AnalysisBot"	"Yes."	""
""	"Commentatron"	"Victory!"	""
""	"Commentatron"	"Victory!"	""
""	"AnalysisBot"	"Yes."	""
"ChallengeVictoryEndlessGreatsword-1"	"AnalysisBot"	"Yes, why is it not on fire?"	""
""	"Commentatron"	"An impressive achievement."	""
""	"AnalysisBot"	"Yes."	""
""	"Commentatron"	"Victory!"	""
"ChallengeVictoryEndlessGreatsword-2"	"Commentatron"	"I love the trophy for this challenge."	""
""	"Commentatron"	"So evocative!"	""
""	"AnalysisBot"	"Quite!"	""
""	"Commentatron"	"Victory!"	""
""	"AnalysisBot"	"Yes."	""
"ChallengeVictorySpearOnly-1"	"Commentatron"	"Victory!"	""
""	"AnalysisBot"	"Yes."	""
""	"Commentatron"	"YEEAAAAAAAAH!!!"	""
"ChallengeVictoryEndlessTransfer-1"	"Commentatron"	"We are in Titanium."	""
""	"AnalysisBot"	"Ура!"	""
""	"Commentatron"	"Watching all those greatswords was a great experience."	""
""	"AnalysisBot"	"Indeed."	""
"ChallengeVictoryLaser-1"	"FleetOverseer"	"NOOOOOOOOOOOOOO!!!!"	""
""	"Commentatron"	"Victory!"	""
""	"AnalysisBot"	"Yes."	""
""	"Commentatron"	"The human did it!"	""
""	"AnalysisBot"	"Is that still the human?"	""
"LevelVictory-Challenge_Inferno1-1"	"Commentatron"	"Let's say it is."	""
"LevelVictory-Challenge_Inferno1-2"	"Commentatron"	"Victory!"	""
""	"AnalysisBot"	"Yes."	""
"LevelVictory-Challenge_Inferno1-3"	"Commentatron"	"Боже мій!"	""
""	"AnalysisBot"	"This human is pretty good with a laser!"	""
"LevelVictory-Challenge_Inferno1-4"	"Commentatron"	"Too good. Let's end this experiment here."	""
""	"AnalysisBot"	"Agreed!"	""
"LevelVictory-Challenge_Inferno1-5"	"Commentatron"	"Perhaps this human can stand the heat."	""
""	"AnalysisBot"	"Yes."	""
"LevelVictory-Challenge_Inferno2-1"	"AnalysisBot"	"Not yet commentatron. Not yet."	""
""	"Commentatron"	"Nice work!"	""
"LevelVictory-Challenge_Inferno2-2"	"Commentatron"	"Victory!"	""
""	"AnalysisBot"	"Yes."	""
"LevelVictory-Challenge_Inferno2-3"	"Commentatron"	"Victory!"	""
""	"Commentatron"	"This human is at least lukewarm!"	""
"LevelVictory-Challenge_Inferno2-4"	"Commentatron"	"Victory!"	""
"LevelVictory-Challenge_Inferno3-1"	"Commentatron"	"Victory!"	""
""	"AnalysisBot"	"Yes."	""
"LevelVictory-Challenge_Inferno3-2"	"Commentatron"	"Impressive!"	""
""	"AnalysisBot"	"This human avoided the jets!"	""
"LevelVictory-Challenge_Inferno3-3"	"Commentatron"	"Be honest human."	""
""	"AnalysisBot"	"Yes."	""
"LevelVictory-Challenge_Inferno4-1"	"Commentatron"	"Things are heating up for this human!"	""
""	"AnalysisBot"	"Yes."	""
"LevelVictory-Challenge_Inferno4-2"	"AnalysisBot"	"So hot right now!"	""
"LevelVictory-Challenge_Inferno4-3"	"Commentatron"	"I am impressed against my will!"	""
""	"AnalysisBot"	"I am impressed completely voluntarily!"	""
"LevelVictory-Challenge_Inferno5-1"	"Commentatron"	"I thought the fire arrows would finish this human"	""
""	"AnalysisBot"	"I was betting on the flame jets myself"	""
"LevelVictory-Challenge_Inferno5-2"	"AnalysisBot"	"Yes."	""
""	"Commentatron"	"Victory!"	""
"LevelVictory-Challenge_Inferno5-3"	"Commentatron"	"Victory!"	""
""	"AnalysisBot"	"Yes."	""
""	"Commentatron"	"Victory!"	""
""	"AnalysisBot"	"Yes."	""
"LevelVictory-Challenge_Inferno6-1"	"Commentatron"	"Victory!"	""
""	"AnalysisBot"	"Fifty percent complete!"	""
"LevelVictory-Challenge_Inferno6-2"	"Commentatron"	"Believe us when we say we're rooting for you!"	""
""	"AnalysisBot"	"Yes."	""
"LevelVictory-Challenge_Inferno7-1"	"Commentatron"	"Victory!"	""
""	"AnalysisBot"	"Yes."	""
"LevelVictory-Challenge_Inferno7-2"	"Commentatron"	"Victory!"	""
""	"AnalysisBot"	"Yes."	""
"LevelVictory-Challenge_Inferno8-1"	"Commentatron"	"Victory!"	""
""	"AnalysisBot"	"Yes."	""
"LevelVictory-Challenge_Inferno9-1"	"AnalysisBot"	"More of a two floor open air plaza of fire."	""
""	"Commentatron"	"Did you not like the monument?"	""
"LevelVictory-Challenge_Inferno9-2"	"Commentatron"	"Victory!"	""
""	"AnalysisBot"	"Yes."	""
"LevelVictory-Challenge_Inferno9-3"	"AnalysisBot"	"We're running out of fire-based ideas!"	""
""	"Commentatron"	"Two levels remain, human!"	""
""	"AnalysisBot"	"Incredible!"	""
"LevelVictory-Challenge_KickOnly1-1"	"Commentatron"	"Victory!"	""
""	"AnalysisBot"	"Yes."	""
"LevelVictory-Challenge_KickOnly2-1"	"Commentatron"	"I will be sad to see this sculpture go."	""
""	"AnalysisBot"	"But the memories will last forever."	""
"LevelVictory-Challenge_KickOnly2-2"	"AnalysisBot"	"One level left human."	""
""	"AnalysisBot"	"Yes."	""
""	"Commentatron"	"Victory!"	""
"LevelVictory-Challenge_KickOnly3-1"	"Commentatron"	"One robot down."	""
""	"AnalysisBot"	"Many more to kick."	""
""	"Commentatron"	"That is how this level is meant to be played."	""
"LevelVictory-Challenge_KickOnly4-1"	"Commentatron"	"Victory!"	""
""	"AnalysisBot"	"I love the sound of spike traps."	""
"LevelVictory-Challenge_KickOnly5-1"	"AnalysisBot"	"Schnick schnick schnick!"	""
""	"Commentatron"	"Uncanny."	""
"LevelVictory-Challenge_KickOnly6-1"	"AnalysisBot"	"Yes."	""
""	"AnalysisBot"	"It only wanted to kick things."	""
""	"Commentatron"	"A noble purpose."	""
"LevelVictory-Challenge_KickOnly7-1"	"AnalysisBot"	"Yes."	""
""	"Commentatron"	"Victory!"	""
""	"Commentatron"	"Victory!"	""
"LevelVictory-Challenge_KickOnly8-1"	"Commentatron"	"Gotta love Spider-tron."	""
""	"Commentatron"	"Victory!"	""
"LevelVictory-Challenge_KickOnly9-1"	"AnalysisBot"	"The human is mightier than the duck."	""
""	"Commentatron"	"Nobody says that."	""
"LevelVictory-Challenge_RaptorNormal1-1"	"Commentatron"	"Victory!"	""
""	"AnalysisBot"	"Yes."	""
"LevelVictory-Challenge_RaptorNormal1-2"	"Commentatron"	"We tried."	""
""	"AnalysisBot"	"Yes."	""
""	"Commentatron"	"Hot stuff."	""
"LevelVictory-Challenge_RaptorNormal1-3"	"AnalysisBot"	"Beautiful!"	""
""	"Commentatron"	"That was pretty cool."	""
"LevelVictory-Challenge_RaptorNormal2-1"	"Commentatron"	"The raptor falls."	""
""	"AnalysisBot"	"More will come."	""
""	"Commentatron"	"The raptor falls."	""
"LevelVictory-Challenge_RaptorNormal2-2"	"Commentatron"	"Victory!"	""
""	"AnalysisBot"	"Yes."	""
"LevelVictory-Challenge_RaptorNormal3-1"	"Commentatron"	"Victory!"	""
""	"AnalysisBot"	"Yes."	""
"LevelVictory-Challenge_RaptorNormal3-2"	"Commentatron"	"Bad sword robot!"	""
""	"AnalysisBot"	"Yes, it did not protect the Flame Raptor."	""
"LevelVictory-Challenge_RaptorNormal4-1"	"Commentatron"	"Useless."	""
""	"AnalysisBot"	"Yes."	""
"LevelVictory-Challenge_RaptorNormal4-2"	"Commentatron"	"Victory!"	""
""	"AnalysisBot"	"Yes."	""
""	"Commentatron"	"Victory!"	""
"LevelVictory-Challenge_RaptorNormal5-1"	"Commentatron"	"That was fun to watch!"	""
""	"AnalysisBot"	"Yes. I like the lava."	""
"LevelVictory-Challenge_RaptorNormal5-2"	"Commentatron"	"The human escaped the forest."	""
""	"AnalysisBot"	"Lucky."	""
"LevelVictory-Challenge_RaptorNormal6-1"	"AnalysisBot"	"Yes."	""
""	"Commentatron"	"Victory!"	""
"LevelVictory-Challenge_RaptorNormal7-1"	"Commentatron"	"Likely."	""
""	"AnalysisBot"	"Yes."	""
"LevelVictory-Challenge_RaptorNormal8-1"	"Commentatron"	"Victory!"	""
""	"AnalysisBot"	"Yes."	""
"LevelVictory-Challenge_RaptorNormal8-2"	"Commentatron"	"Victory!"	""
""	"AnalysisBot"	"Aww, poor raptors."	""
"LevelVictory-Challenge_RaptorNormal9-1"	"Commentatron"	"They tried."	""
""	"AnalysisBot"	"Yes."	""
"LevelVictory-Challenge_RaptorInsanity1-1"	"Commentatron"	"Victory!"	""
""	"AnalysisBot"	"Yes."	""
"LevelVictory-Challenge_RaptorInsanity2-1"	"Commentatron"	"Victory!"	""
""	"AnalysisBot"	"Yes."	""
"LevelVictory-Challenge_RaptorInsanity3-1"	"Commentatron"	"Victory!"	""
""	"AnalysisBot"	"Yes."	""
""	"Commentatron"	"Victory!"	""
"LevelVictory-Challenge_RaptorInsanity4-1"	"Commentatron"	"The raptor falls."	""
""	"AnalysisBot"	"Next to the sword robot."	""
"LevelVictory-Challenge_RaptorInsanity5-1"	"Commentatron"	"So much for hammer riders."	""
""	"AnalysisBot"	"Let's try some more things!"	""
""	"Commentatron"	"Nice!"	""
"LevelVictory-Challenge_RaptorInsanity5-2"	"Commentatron"	"Victory!"	""
""	"AnalysisBot"	"Yes."	""
"LevelVictory-Challenge_RaptorInsanity5-3"	"Commentatron"	"The human survived!"	""
""	"AnalysisBot"	"What a wild human!"	""
"LevelVictory-Challenge_RaptorInsanity6-1"	"Commentatron"	"Will this volcano ever erupt?"	""
""	"AnalysisBot"	"We should pick a random human and just activate it!"	""
"LevelVictory-Challenge_RaptorInsanity7-1"	"Commentatron"	"The look on their face!"	""
""	"AnalysisBot"	"Yes."	""
""	"Commentatron"	"Victory!"	""
"LevelVictory-Challenge_RaptorInsanity8-1"	"Commentatron"	"The human handled the literal heat."	""
""	"AnalysisBot"	"Yes. Time to turn up the metaphorical one."	""
"LevelVictory-Challenge_RaptorInsanity9-1"	"AnalysisBot"	"Yes."	""
""	"Commentatron"	"Victory!"	""
"ChallengeVictoryZombieChallenge-1"	"Commentatron"	"Roasted!"	""
""	"AnalysisBot"	"Nearly."	""
""	"Commentatron"	"Love it!"	""
""	"AnalysisBot"	"Yes."	""
"LevelVictory-Challenge_AllyChallenge1-1"	"Commentatron"	"Victory!"	""
""	"AnalysisBot"	"It's ok, the human will fall on the next level."	""
"LevelVictory-Challenge_AllyChallenge2-1"	"Commentatron"	"Yes, it is not for the faint of processing matrix."	""
""	"AnalysisBot"	"Yes."	""
"LevelVictory-Challenge_AllyChallenge3-1"	"Commentatron"	"Victory!"	""
""	"AnalysisBot"	"Yes."	""
"LevelVictory-Challenge_AllyChallenge4-1"	"Commentatron"	"Victory!"	""
""	"AnalysisBot"	"Yes."	""
"LevelVictory-Challenge_AllyChallenge5-1"	"AnalysisBot"	"I like this challenge."	""
""	"Commentatron"	"And that's why I love hammers!"	""
"LevelVictory-Challenge_AllyChallenge6-1"	"Commentatron"	"Victory!"	""
""	"AnalysisBot"	"Yes."	""
"LevelVictory-Challenge_AllyChallenge7-1"	"Commentatron"	"Victory!"	""
""	"AnalysisBot"	"Yes."	""
"LevelVictory-Challenge_AllyChallenge8-1"	"Commentatron"	"Victory!"	""
""	"AnalysisBot"	"I want more levels where robots decorate the human!"	""
"LevelVictory-Challenge_AllyChallenge9-1"	"AnalysisBot"	"Yes."	""
""	"Commentatron"	"Hmmm, I would have picked the other team."	""
"ChallengeVictoryAllyChallenge-1"	"Commentatron"	"Victory!"	""
""	"AnalysisBot"	"Yes."	""
""	"FleetOverseer"	"NOOOOOOOOOOOOOO!!!!"	""
""	"Commentatron"	"Wow, such magnificent robot fighting!"	""
""	"FleetOverseer"	"NOOOOOOOOOOOOOO!!!!"	""
""	"AnalysisBot"	"I wanted more robots in the lava hole."	""
""	"FleetOverseer"	"NOOOOOOOOOOOOOO!!!!"	""
"LevelVictory-Challenge_SpidertronChallenge1-1"	"AnalysisBot"	"Yes."	""
""	"Commentatron"	"Victory!"	""
""	"AnalysisBot"	"Yes."	""
""	"Commentatron"	"Ah, well, we..."	""
"LevelVictory-Challenge_SpidertronChallenge1-2"	"Commentatron"	"Victory!"	""
""	"AnalysisBot"	"Logistics Command Bot has it!"	""
""	"Commentatron"	"Victory!"	""
"LevelVictory-Challenge_SpidertronChallenge2-1"	"Commentatron"	"Victory!"	""
""	"AnalysisBot"	"Yes."	""
""	"Commentatron"	"Victory!"	""
"LevelVictory-Challenge_SpidertronChallenge2-2"	"AnalysisBot"	"Yes."	""
""	"AnalysisBot"	"Yes."	""
"LevelVictory-Challenge_SpidertronChallenge3-1"	"Commentatron"	"Victory!"	""
""	"AnalysisBot"	"Yes."	""
"LevelVictory-Challenge_SpidertronChallenge4-1"	"Commentatron"	"Ok, that was fun. Time to get serious."	""
""	"Commentatron"	"Victory!"	""
""	"AnalysisBot"	"Yes."	""
"LevelVictory-Challenge_SpidertronChallenge5-1"	"Commentatron"	"Victory!"	""
""	"AnalysisBot"	"They look fun!"	""
""	"Commentatron"	"ok, human on the conveyor belt now!"	""
"LevelVictory-Challenge_SpidertronChallenge5-2"	"Commentatron"	"Victory!"	""
""	"AnalysisBot"	"Yes."	""
""	"Commentatron"	"Love to watch you explode!"	""
""	"AnalysisBot"	"Too true."	""
"LevelVictory-Challenge_SpidertronChallenge5-3"	"AnalysisBot"	"Yes."	""
""	"Commentatron"	"Victory!"	""
""	"AnalysisBot"	"Yes."	""
""	"Commentatron"	"That was a-maze-ing!"	""
"LevelVictory-Challenge_SpidertronChallenge6-1"	"AnalysisBot"	"Commentatron, you already made that joke."	""
""	"Commentatron"	"It's hard to keep up with these comments ok? We see a lot of mazes here..."	""
"LevelVictory-Challenge_SpidertronChallenge6-2"	"Commentatron"	"Victory!"	""
""	"AnalysisBot"	"Like a rodent in a maze that found a cheese to chew on with its mouth-teeth!"	""
""	"Commentatron"	"What are you talking about??"	""
"LevelVictory-Challenge_SpidertronChallenge7-1"	"Commentatron"	"Victory!"	""
""	"AnalysisBot"	"Yes."	""
""	"AnalysisBot"	"Cool. I was not expecting the flame raptors."	""
"LevelVictory-Challenge_SpidertronChallenge7-2"	"Commentatron"	"Nice that they could make it."	""
""	"AnalysisBot"	"Yes."	""
"LevelVictory-Challenge_SpidertronChallenge8-1"	"Commentatron"	"Victory!"	""
""	"AnalysisBot"	"Yes."	""
""	"Commentatron"	"I always enjoy an Island level."	""
"LevelVictory-Challenge_SpidertronChallenge8-2"	"Commentatron"	"Victory!"	""
""	"Commentatron"	"Victory!"	""
""	"AnalysisBot"	"Yes."	""
"LevelVictory-Challenge_SpidertronChallenge9-1"	"AnalysisBot"	"There is still time."	""
""	"Commentatron"	"What's happening? Is the level over?"	""
"LevelVictory-Challenge_SpidertronChallenge9-2"	"Commentatron"	"Victory!"	""
""	"AnalysisBot"	"Yes."	""
"ChallengeVictorySpidertronChallenge-1"	"Commentatron"	"Lots of violence on that tower."	""
""	"AnalysisBot"	"Yes."	""
""	"Commentatron"	"Victory!"	""
""	"AnalysisBot"	"And that's why you never go in a cave!"	""
""	"AnalysisBot"	"Yes."	""
""	"Commentatron"	"Not bad, not bad."	""
""	"AnalysisBot"	"Only one more level now."	""
""	""	""	""
